,last_name
3422,abaan
12206,abair
17611,abate
1304,abbatiello
12787,abbott
20745,abboud
4093,abdella
7615,abdnor
3908,abel
5655,abell
17074,abercrombie
2257,abner
13977,abney
14434,abraha
9900,abraham
5773,abrahams
1168,abrams
9400,abt
16415,abzug
4077,aceto
10848,acevedo
6190,acker
2818,ackerman
15009,ackerson
7132,acosta
12215,actis
13498,acuff
3425,adalian
3441,adam
11524,adametz
1861,adams
14105,adanti
6156,adask
2970,addabbo
5407,addison
11202,aderholt
6784,adkins
17941,adkisson
8101,adler
4446,adornato
18915,afflerbach
3181,aggarwal
7172,agrella
3440,aguirre
11748,ahimaz
13386,ahner
1272,aho
12402,ahumada
15478,aiken
7893,ain
13067,ajjan
14134,akaka
2350,akin
15670,al
2268,alan
3680,alaya
3142,albanese
1692,albares
1534,albert
2336,albertson
11931,alberty
9252,albin
14228,albosta
6056,albrecht
16360,albritton
5207,alcantara
19645,aldersley
6801,aleck
3944,alesch
19939,alexakis
1767,alexander
18683,alford
4883,alfred
2264,alger
6540,ali
18201,alioto
3748,allaire
10055,allard
5449,alldredge
15681,allee
17242,allegrone
14607,allegrucci
2401,allen
9783,allgaier
3567,allison
7620,allissandratos
2313,allred
1402,almberg
9284,almquist
5984,almstrom
11022,alonso
9119,altenburg
6073,alter
4744,altman
9226,altmeyer
20501,altmire
7655,alton
19722,alvarado
4687,alvardo
4742,alvarez
3846,amarasinghe
1883,amber
2587,ambro
15125,ambrosio
4722,ameen
9434,amelung
18494,amen
5521,ament
16224,amenta
13137,ameri
3716,america
12196,amero
1962,ames
14392,ammerman
11807,amorello
1265,amos
19668,anastasio
13665,andal
6903,anders
10179,andersen
1460,anderson
13290,andion
7306,andreas
2068,andreasen
2541,andrew
6689,andrews
15654,andrezeski
8159,andrica
4939,andrichak
16678,andrle
1740,andromidas
3717,andy
6238,angelo
5642,angwin
2644,aniboli
20544,ankrum
5072,anmuth
3727,ann
18374,annen
7244,annett
7608,annitti
14147,annunzio
18669,ansari
4788,anscher
8761,anthony
18396,antoine
2632,antonelli
12954,antonio
17438,anwiler
15450,appel
14354,applegate
2151,apstein
16148,aquinta
1274,aragom
10444,aragon
1490,aranas
4912,arashvand
5061,aravena
1269,archer
10223,archuletta
2937,arcuri
7079,ard
16736,arden
11248,ardito
15116,arel
7708,ares
6199,argall
4015,argen
5150,argus
3495,argy
11138,arher
5091,arias
2171,ariza
14827,arline
19139,armato
9690,armbruster
9204,armey
20694,armitage
8497,armor
3744,armoudian
1900,armstrong
3683,arndt
18489,arnebeck
18414,arnesen
1678,arnold
1677,arnove
7939,aronoff
20415,aronsohn
1488,arrow
9932,arthur
6449,arthus
20348,artis
7568,ashbrook
12870,ashburn
15973,ashbury
5570,ashby
9402,ashe
5998,ashley
4954,ashworth
1260,ashy
16389,askin
10624,askren
3597,asmus
14457,aspin
2987,assante
4440,assini
2599,atanasio
15239,atigan
7969,atkins
2858,atkinson
6443,atkisson
8353,atmstrong
10349,atwood
4620,aubuchon
14366,aucoin
18012,auer
3867,auerbach
6862,augenstein
12557,augusti
4193,augustin
3940,augustson
12541,auken
15658,aukerman
5254,aulabaugh
20307,auman
14996,aurand
13601,aurbach
11644,aust
5526,auster
2116,austin
13918,austria
18675,avalos
3399,avery
13694,avila
20940,avillo
5688,avrech
3844,axford
6020,aydlott
8539,ayers
4950,azaren
12320,azinger
9831,azzolina
5692,baase
19780,babbitt
6978,babcock
6832,babiarz
11561,babin
20138,babka
18429,baca
19785,bacal
17058,bacchus
18833,bace
5389,bach
1093,bacha
13432,bachmann
10788,bachus
12107,backlund
1373,bacon
6679,badagnani
798,badaracco
1956,bader
3462,badgett
7328,badham
2984,badillo
6345,badler
7128,badnarik
17536,baesler
7349,bafalis
17274,baggett
16979,baggiano
14883,bagley
8333,bagnal
19904,bagwell
1623,bailey
6980,bailie
16318,bainum
6151,baird
11266,baize
5687,bajada
4202,bakal
3511,baker
6323,bakhaus
1948,bakken
10298,bakove
4834,balakier
18311,balanoff
17951,baldacci
1846,baldauf
13683,balding
14459,baldus
2396,baldwin
5235,ball
19650,ballance
3446,ballantyne
6506,ballard
9504,ballenger
18404,bamberger
2560,bambey
6429,bandlow
1760,bangerter
6168,bangle
6646,banks
17437,banuelos
3407,banus
15956,barbano
7702,barbara
2906,barbaro
5047,barber
20152,barbieri
5368,barbone
17225,barbuto
18499,barby
18175,barca
17567,barcia
16068,bard
3822,bardel
3292,barend
12042,barenholtz
14035,barham
18219,barile
19053,barkacs
9997,barker
4804,barkley
5812,barksdale
12749,barletta
10992,barlos
17531,barlow
5264,barman
14132,barnard
12445,barnert
4717,barnes
5097,barnett
9987,barnhill
7435,barnstead
20566,barnwell
9577,baron
5546,barr
7758,barracca
14944,barragan
19052,barraza
3556,barreca
1006,barrett
11648,barron
9401,barros
3729,barrow
2668,barry
2673,barstow
14014,bart
12012,barta
16729,bartenfelder
3948,barth
6433,barthel
20337,bartholomew
3022,bartle
8448,bartlett
6121,bartley
7312,bartman
6476,barton
1332,bartos
5867,bartucci
14796,basalyga
4528,bashline
8623,basile
11009,bass
1527,bassett
6970,basso
1000,bastian
2614,bastuk
13033,bataglia
1035,batchelder
13105,batchelor
8825,bateman
5326,bates
9678,bath
8456,bathke
2593,battista
10382,bauchus
14261,baucus
1445,bauer
10011,baughman
6477,bauman
14765,baumann
4673,baumgartner
10516,baxmeyer
4120,baxter
16827,baye
17015,bayer
11141,baylor
1369,bayoneta
13193,bazan
1033,beach
9129,beagle
1231,beal
19144,beall
9198,beaman
10543,bean
8004,beard
15970,bearse
6091,beary
13413,beatty
6351,beauchamp
2832,beaumont
12510,beauprez
6119,beaver
6251,beavers
5732,becan
17421,becerra
13809,bech
2106,bechler
3856,bechman
8533,bechtol
4114,beck
2771,becker
20169,beckerle
4568,beckham
2045,beckman
17886,beckworth
14177,bedell
3453,bedworth
13653,bee
5404,beek
19408,beeman
6152,beenau
20208,beery
6863,begay
15740,begich
1701,beier
18960,beierlein
14075,beilenson
10338,beilharz
3975,beilstein
2706,beirne
5661,beito
16580,belcher
6597,belforti
16718,beliles
13353,belin
3752,belitskus
19389,belk
1381,bell
13461,bellew
4702,bellfy
6957,bellis
10240,bellitto
20557,beltran
3585,bemis
7931,bemus
9132,bender
8047,benedict
4510,benedictis
15587,benet
4729,benford
1424,benjamin
6693,bennett
9450,bennington
6515,benoit
4088,benoy
3832,benson
1453,bentley
2212,benton
18146,bentsen
2488,bentz
19460,berckefeldt
13624,beren
7866,bereuter
2199,berg
17195,bergen
1246,berger
3964,bergland
1350,bergonzi
15087,bergquist
9066,berkeley
3389,berker
11122,berkhout
18813,berkley
6001,berkman
3152,berkowitz
19496,berlon
15326,berly
5359,berman
12859,bermudez
2615,bernard
14738,bernardi
7036,bernau
13875,berney
5651,bernhardt
4109,berns
20111,bernstein
5465,berry
18787,berryman
7409,bersky
5822,bersohn
3675,berta
9541,bertasavage
13441,bertelsen
8567,bertini
2627,bertolotti
6084,bertrand
16167,beryl
12952,best
19489,betancourt
15346,bethea
5345,bethel
7678,bethune
3660,betton
20766,betts
4986,betty
19287,beutler
8951,bevel
10089,beverly
14041,bevill
3560,beylikjian
4247,bhagwandin
13548,bhakta
3664,bhatti
1853,bhola
3004,biaggi
3426,bialosky
9150,biase
6036,bickford
20679,bidlack
6616,bidwell
6856,bigelow
8418,biggar
11759,biggert
7873,biggs
11120,bigham
5898,bigwood
10847,bilbray
8541,bilirakis
7869,bill
5095,billings
12240,billingsly
1567,billington
4946,bily
14980,bilyeu
4246,binder
20536,binderim
8869,binderup
1501,bingham
6104,binkley
2923,binkowski
11751,birch
2188,birdno
2820,birtley
7270,bischoff
5627,bishkin
2863,bishop
15375,bishopp
4553,bissell
6232,bisson
4693,bitely
16669,bitterman
2271,bitz
7847,bjorhus
5758,blachly
3423,black
2565,blackburn
10495,blackstone
1315,blackwell
11486,blackwood
7580,bladine
18305,blagojevich
7303,blain
18520,blaine
2518,blair
8728,blake
19933,blakes
1247,blancato
7543,blanchard
10708,bland
366,blank
11346,blankenbaker
5857,blankenburg
11132,blankenship
5250,blanton
13514,blasdel
3392,blasdell
1049,blass
15951,blaylock
11812,bleicken
14250,blessey
4444,blessinger
7111,blevens
5752,blevins
14195,blieux
8434,bliley
15999,bloch
1593,block
4714,bloodworth
19079,bloom
14173,blouin
9190,blow
5840,bloxham
8888,bloxom
15948,blue
6070,blum
4101,blume
18502,blumenauer
4199,blumetti
6439,blunt
10556,blute
2232,bly
20702,blythe
4551,bobic
6061,bobier
20172,bobo
20909,boccieri
10500,boccio
5777,boctor
6509,boddie
13285,bodell
5968,bodenhausen
15441,bodine
2341,boeheim
1609,boehlert
10273,boehner
4604,boer
11979,boerner
6860,boerste
10013,boerum
14576,bogen
5715,boggs
5708,bohanon
2622,bohner
16269,bohnsack
6820,bojarski
14209,boland
20561,bolanos
5184,bolen
18734,boles
14255,bolling
13143,bolno
16481,bolus
6259,boman
1104,bonacci
7427,bond
7157,bondi
14826,boner
7736,boney
10741,bonilla
6182,bonino
14230,bonior
14448,bonker
4002,bonner
15445,bonney
10842,bono
3724,bonpane
2491,bonville
14802,boohar
2431,booker
4772,boone
2239,booth
18939,boothe
12451,boozman
12343,boquist
18853,bordewich
11939,bordonaro
16546,boren
3419,borg
4754,borgman
14484,bork
20666,bornstein
11323,borow
16056,borski
4809,bosa
15320,bosch
15327,bosco
18765,bosley
7788,bosma
18333,boswell
1204,bottchor
4909,botway
9869,bouchard
15710,boucher
7019,bouley
9195,boulter
15252,bouquard
3445,bourdette
5713,bourland
1691,bourque
13798,boustany
4670,bowden
1554,bowen
5431,bowers
7746,bowles
1814,bowlin
12768,bowling
18343,bowman
4733,bowser
15332,boxer
3494,boxerman
2301,boyce
3805,boyd
19919,boyda
2178,boyers
4849,boyette
1954,boylan
2624,boyle
19149,bozman
9607,braaten
5612,braatz
19314,brack
6772,bracken
20283,bradbury
14163,brademas
18202,braden
8113,bradford
5852,bradley
4648,bradshaw
2608,bradt
6661,brady
3400,braley
5847,bramwell
2327,branch
15367,brandenburg
4917,brandes
2168,brandli
2180,brandlon
1063,brandofino
14480,brandon
19833,brandt
1245,brannan
19205,brannen
4771,brassell
7735,brathwaite
20885,bratton
17429,braude
1464,brauer
2688,braun
15842,braver
2703,brawley
16246,bray
14196,breaux
13904,breazeale
12026,brechler
4674,breck
14188,breckinridge
1225,bredes
20347,breech
1380,breeland
2183,breen
2177,breihan
3810,brekhus
2859,brekke
8596,bremer
18614,brenholt
3030,brennan
1233,brenneman
13094,brenner
4896,brentar
17980,breshgold
10152,breuer
5801,brewer
9983,brewster
10957,briare
10547,bricker
15222,brickhouse
16954,brickley
1684,bridges
5506,briggs
13191,brigham
2351,bright
1343,brightharp
4877,brill
10814,brink
14125,brinkley
3920,brister
4469,britt
2141,britton
4663,brock
6252,broda
1533,brodersen
9657,broderson
14235,brodhead
9325,brodie
1564,brody
1558,bronn
7433,bronson
9283,brooke
992,brooks
12774,brookshire
7456,broomfield
15787,brophy
4762,broskie
3892,brouillet
14229,brouillette
10085,broun
13534,broussard
16980,browder
1654,brown
10935,brownback
3881,browne
7220,browning
2252,brownlow
7549,broyhill
10730,broyles
19999,brozak
14585,bruce
19475,bruderly
4899,brunelle
17518,bruner
15963,brunetto
6172,brunner
2634,bruno
17340,brunsdale
1349,brust
7323,brutocao
11518,bruun
1484,bryan
9944,bryant
10608,bubba
4537,buchanan
7271,buchman
7856,buchschacher
6821,buck
3095,buckel
8677,buckler
7820,buckley
1191,buckman
3765,bucqueroux
3024,budzinski
8521,buechner
7397,buell
19808,bufford
12990,buford
14280,buggelli
2697,bugler
9788,buhl
4481,buhrmaster
7366,buikema
15890,bull
4753,bullington
17590,bullock
6680,bunch
10410,bundesen
7965,bunick
11094,bunn
9381,bunning
4983,buoncristiano
19173,bupp
3691,burch
7426,burcham
2242,burda
3012,burden
7454,burdick
11978,burdikoff
2123,burfeind
7331,burgener
15638,burger
7629,burgess
356,burgett
4808,burghard
9202,burk
1091,burke
10921,burkett
17252,burkhart
11969,burkhold
14428,burleson
11149,burley
16417,burlingham
6131,burlison
4573,burmeister
20594,burner
5513,burnham
1032,burns
5419,burnside
10648,burr
20576,burridge
3503,burrill
10022,burris
12489,burrola
6465,burroughs
5532,burrow
3031,burstein
9136,burt
2417,burton
20259,busansky
2233,busby
9057,busch
3418,bush
16532,bustamante
16114,bustamente
11208,buster
9363,butcher
3159,butler
9675,butterfield
18120,button
4155,butzke
17788,buxton
10518,buyer
8406,byers
6818,byington
7464,byrd
4048,byrne
4179,byrnes
4697,byron
19175,byrum
15666,cable
12363,cabral
2398,cadabes
9624,caddis
5677,cadestam
1772,cadmus
7014,cady
2596,caesar
20064,cafaro
2553,cahaney
19203,cahill
2576,cain
20274,calderin
12569,calderone
3897,calhoun
4990,caligiuri
16373,calinger
9472,calise
16005,call
20597,callaghan
2181,callahan
1614,callard
15553,callas
19320,callaway
9408,callihan
2427,callison
5292,calvert
19781,camacho
1913,cameron
18971,cammermeyer
15545,cammerzell
4318,camp
1097,campbell
7499,campenni
13775,campo
14374,campolo
9596,canada
10468,canady
12082,canales
8452,canary
12007,candon
8478,canfield
2461,cannon
17353,canter
12411,cantor
8937,cantu
17768,cantwell
13794,cao
5275,capalbo
2645,capazzi
5076,capers
12424,capito
4076,caplan
13712,cappiello
17829,capps
18779,capuano
4003,caputo
6047,caraballo
4031,carasso
4681,caraway
9684,carberry
19613,carden
7743,cardenas
5764,cardestam
16313,cardin
19423,cardoza
6653,carew
1395,carey
9464,cargo
9792,carl
2595,carlan
2473,carle
9936,carley
17937,carlin
3500,carlisle
1126,carlson
4022,carman
18322,carmichael
7714,carmody
20775,carmouche
17178,carnahan
19664,carne
7324,carner
2585,carney
15759,carnoy
3543,caro
20409,carol
4692,carpenter
15384,carper
5805,carr
4032,carrano
13615,carrico
2549,carriger
1275,carrillo
10258,carrington
1270,carroll
7477,carron
20465,carsner
18330,carson
1069,carter
1003,cartonia
19922,cartwright
6730,carver
4640,carwile
12821,casada
19026,case
2808,casey
1124,cash
18466,cashion
1102,caslander
4996,casman
13813,casperson
12819,cassady
13027,cassell
13797,cassidy
10893,castello
8144,castellucis
11485,caster
19792,castillo
10456,castle
20261,castor
3546,caswell
6570,catalfio
16751,catchick
979,cate
12257,cathcart
1123,catherine
17338,caton
8685,catrillo
2846,cavallo
6643,cavanaugh
4067,cavanna
3909,caveny
8668,cavnar
8093,cayard
8600,caywood
14113,cazares
20776,cazayoux
9004,ceccone
8258,cedarburg
7447,cederberg
19891,cegelis
11521,cella
15182,cenhour
4981,cenicola
17483,center
14911,cerney
1094,cerrato
8198,cesler
9883,chabot
6976,chadwick
14003,chaffetz
18288,chafin
20257,chagnon
5116,chaifetz
11854,chairez
1572,chaitkin
1873,chambers
4775,chambliss
3799,chandler
7063,chang
18003,chapin
1239,chapman
14540,chappell
8070,chappie
16310,charette
5616,charles
6576,charnstrom
6895,chase
20663,chau
12498,chavez
5226,chazotte
8565,cheeks
20472,chema
8058,cheney
10898,chenoweth
18107,chertok
2155,chertov
7745,cheung
6803,chia
10238,chiavaro
12901,chicas
4506,chickles
4963,childers
5421,childs
11725,chillura
6264,chipman
16210,chirra
2975,chisholm
3520,chitti
12950,chlada
12505,chlouber
6626,chmura
5334,choate
10305,choby
12168,chocola
4169,chorba
14258,chord
19483,chote
2788,christea
1376,christensen
6598,christeson
5071,christian
2605,christians
14542,christison
17478,christmas
7101,christophel
19195,christrup
3354,chroman
18523,chronister
12225,chrysanthea
10570,chrysler
6447,chudleigh
13667,chui
12865,chukwu
2920,ciampoli
11542,cicione
1563,cinger
1147,cino
4421,cinquemain
12951,cisneros
6017,clack
8076,clair
14142,clancy
7553,claney
5424,clanin
6668,clardy
2344,clark
1384,clarke
8482,claude
2515,claunch
7291,clausen
7321,clawson
6667,clay
12710,clayburgh
10886,clayton
6884,claytor
1141,cleary
6354,cleave
20397,cleaver
16264,cleland
6633,clem
1700,clement
12393,clements
4942,clemons
1221,clendenin
3484,clessler
7465,cleveland
14888,clifford
6709,clift
1023,climaco
19337,clinesmith
7990,clinger
19925,clooney
14070,close
10412,cloud
4773,cloum
15731,clusen
17851,clute
17715,clybrun
18117,clyburn
9787,coad
15523,coate
1565,coates
8178,coats
6511,cobb
9111,cobey
7119,cobin
9113,coble
8272,cobleigh
11086,coburn
2028,cochran
4475,cochrane
3043,codd
4608,coe
14497,coelho
13626,cofchin
8941,cofer
6457,coffee
5014,coffer
4690,coffey
3731,coffin
13706,coffman
19331,coggins
3982,cohalan
5556,cohen
9941,coker
2740,colandrea
5680,colburn
1686,coldiron
1137,cole
1482,coleman
18291,coles
1432,collier
980,collin
4776,collings
1993,collins
19354,collinwood
8802,collumb
5728,colopy
19399,columbus
2991,colvin
11151,colyer
19396,comacho
9199,combest
6213,combs
17471,comerford
2386,comingore
16465,compton
6095,comstock
7922,conable
13186,conaway
10561,conboy
20801,concannon
8421,concklin
2372,condit
4987,condray
5924,congdon
5567,conger
7829,conlin
13666,conlon
19985,connealy
7728,connell
5779,connelly
2773,conner
2509,connolly
8871,connor
17878,connors
5548,conole
9830,conover
11234,conrad
2578,conroy
5992,consalvo
2681,consdine
14661,considine
6741,consolo
6299,constant
7429,conte
8636,contesti
19846,conti
1378,contrera
3736,contreras
15958,converse
3467,conway
12607,conwell
14641,conyers
8135,coogler
1303,cook
5390,cooke
11365,cooksey
1306,cooley
6808,coon
1929,cooney
2429,cooper
18594,coopersmith
6003,copeland
6890,copier
17382,coppersmith
13824,copple
11277,coppola
18152,coray
7378,corcoran
16888,cordaro
20946,corden
2604,cordero
13669,cordi
19395,cordova
17673,cordray
6569,corliss
14072,corman
15599,cornelius
14464,cornell
2756,cornett
14168,cornwell
11437,corodemus
12894,coronado
4238,corrigan
5130,corriston
3960,corsetti
1181,corsi
4525,cortez
19427,corvera
20354,corwin
5444,cosgrove
3566,cossak
1934,cossette
14274,costa
4566,costas
4095,costello
18467,costley
5584,cote
11987,cottar
14101,cotter
1311,couch
7594,coughlin
8203,couhig
10993,counts
19733,courage
7884,courter
3320,courtney
1793,cousino
4570,cousins
19854,coutu
8451,covey
11411,covington
16922,cowden
1871,cowdrey
9656,cowles
6788,cox
10317,coxe
8377,coyne
15749,cozad
1224,crabbe
16390,crabiel
6500,craddock
6752,craig
5896,crain
11491,cramer
9012,crampton
4861,crane
19264,cranley
10493,crapo
6229,crass
1230,craswell
16444,cratty
14155,craver
20777,cravins
10772,cravotta
2780,crawford
8517,crean
1025,creech
2256,creel
5530,creighton
11071,cremans
11497,cremeans
12117,crenshaw
7214,creswell
9273,crevelt
13010,crews
5160,crickenberger
4488,crimmen
13700,crimmins
2066,cripe
20234,criscenzo
19046,crisell
6704,crispin
1098,criss
6270,crist
9829,cristaudo
5177,cristiano
19174,crittendon
1117,croce
18497,crocker
6904,crockett
6883,croft
5866,cromwell
9265,crone
2701,cronin
7830,cronk
5583,cropsey
5756,crosby
15363,cross
9396,crosse
3267,crotty
3253,crowley
13223,crowson
4931,cruickshank
3922,crum
5388,crumhorn
7778,crumpacker
9509,crutcher
2154,cruz
11827,crysanthea
16368,cryts
11198,cubin
7513,cuccia
3380,cuddehe
11601,cude
19735,cuellar
6983,cuff
12385,culberson
18514,cullen
1874,cullum
7424,culotta
8443,culp
5289,culver
15395,culverhouse
1666,cumbler
3028,cummings
11214,cummins
9735,cumpacker
20693,cunha
12065,cunneen
1935,cunningham
6749,cuperus
4194,curci
4213,curcio
17801,cure
6568,cureaux
16687,curl
13403,curley
13985,curnock
3421,curran
16253,currie
4533,curry
2705,curtin
1286,curtis
18701,cusack
13130,cusimano
5686,custer
6100,cutler
1394,cutter
5453,cynthia
1824,czak
10990,dabbs
4723,daggett
16145,dahl
14580,dahlin
20924,dahlkemper
10032,dahlson
13929,dailey
18470,daisley
3450,dalby
20959,daley
12153,dallas
1729,dalto
2079,daly
1285,damrell
6278,dan
3368,danaher
1505,danford
5418,daniel
10213,danielczyk
4713,daniels
14082,danielson
8595,danker
7717,dannemeyer
17588,danner
10231,darby
5167,darden
5106,darling
8632,darrah
9271,darrigo
5433,darwin
5789,dasbach
14820,daschle
7867,daub
14222,daugherty
16710,dave
14038,davenport
988,david
2265,davidson
1583,davies
8173,davinroy
1669,davis
4298,davison
3378,dawson
10445,day
11312,deal
1720,dean
4366,dear
19154,dearmon
17177,deaton
11145,deats
2179,debates
11131,deberry
4575,debra
5989,decherd
5467,dechow
7785,deckard
8520,decker
17781,deer
14094,deerlin
9344,defazio
6993,defoe
3794,deforest
15428,defosse
18253,degette
6321,degroat
19086,dehart
6180,dehn
7293,dehr
19599,deichman
7872,deitch
5588,deitchler
10282,dejulio
18352,dejuls
18368,delahunt
19877,delamar
3989,delaney
12739,delany
4969,delaura
1494,delauro
14015,delavar
9201,delay
20559,deleon
2612,delgiorno
2413,delia
19108,deljonson
4403,dellavalle
4028,dellibovi
14060,dellums
18426,delvecchio
7230,demarco
4988,demaree
2008,demars
13172,demas
4234,demauro
4070,demell
16377,demers
11968,demint
4977,demott
1671,dempsey
8120,denardis
17914,denari
13266,dendulk
3535,denham
20381,denison
3058,denn
990,dennis
1321,dennison
5690,denny
7862,dent
7169,denton
13265,denunzio
2781,denzel
12858,depalma
6438,depena
3151,deprima
4590,deptula
9977,derby
3820,derham
4650,deright
14399,derrick
19860,derry
20512,dertinger
7367,derwinski
11401,desana
17871,desantis
18810,deschamps
9242,deshazo
3934,deshefy
4496,deslauriers
5136,desmond
5970,detaranto
17475,deutsch
8803,devany
16985,devens
7563,devine
1918,devisscher
14002,dew
5362,dewaters
3375,dewey
8738,dewine
3923,dewitt
4872,dexter
4008,deyoung
7337,di
10342,dial
6999,diamond
1539,diamondstone
2717,diaz
5310,dibs
15240,dicarlo
1110,dick
13376,dickerson
1046,dickey
7279,dickinson
9561,dickison
19267,dickman
14451,dicks
1206,dickson
18080,didonato
13166,diedrich
3845,diehl
8655,dielmann
5982,dieterly
4159,dietl
6759,dietrich
14855,dietz
14653,diggs
5903,dilbeck
5712,dilk
4581,dillard
1205,dillier
4548,dillingham
8008,dillion
2944,dillon
2542,dilworth
3463,dimick
5005,dimit
12098,dine
14234,dingell
10172,dingeman
18525,dinicola
4000,dinsmore
2720,dioguardi
17638,diperna
16531,director
15700,dirks
978,discepolo
2735,disimone
6682,dittmar
15113,ditus
2143,dixon
8225,doane
3993,dobosh
3222,dobrian
9144,dodd
5173,doden
5351,dodge
1473,doganiero
20128,dogett
11573,doggett
8248,doherty
8511,dohr
5587,doig
13470,dolin
5379,doll
11414,dollar
1100,dominianni
5990,dominy
2857,don
6148,donahue
4865,donald
5821,donaldson
4508,donato
16787,donchess
6173,donelle
6534,donlan
14764,donlin
1136,donnelly
6197,donner
2332,donohue
11440,donovan
10103,dooley
10021,doolittle
2855,dore
5662,doren
15184,dorgan
12697,dority
1662,dorman
18528,dorn
7316,dornan
15077,dorrity
8840,dorse
977,dorsey
12315,dorso
4579,doss
2551,dotson
7493,doty
15412,doug
5420,dougherty
1024,douglas
11745,douglass
16818,doukas
1656,dover
13518,dovilla
6200,dovner
3076,dow
8142,dowda
15522,dowdy
2453,dowell
8133,dowiat
17791,dowling
1051,downey
8936,downing
8909,downs
1894,doyle
3926,drake
8672,dramesi
2834,drazen
2698,dreger
7713,dreier
1981,drenkhahn
7386,drenovac
1142,drer
2482,dreu
4900,drew
1949,drexler
20894,driehaus
14211,drinan
3852,driscoll
19690,drobac
5246,drogo
1386,droogsma
20139,drown
6225,druck
6058,drye
1742,duane
6717,duarte
2231,dublin
2554,ducey
20359,duck
10151,duckworth
3866,dudley
10106,dudycz
11830,duehring
4741,duelge
1650,duemler
6115,duenez
6987,duensing
1223,duering
2716,duff
3936,duffee
2534,duffey
7354,dugan
9188,dugas
2516,dulaney
1696,dumas
3827,dunau
19321,dunaway
2174,duncan
2623,dunkle
7176,dunlap
1683,dunlea
15474,dunleavy
1345,dunn
9757,dunnagan
15251,dunnaway
7756,dunne
3650,dunstan
15540,dupay
9580,duperier
10797,dupwe
6296,duquesne
15436,durbin
2363,duren
5000,durham
12561,duric
7432,durkin
20189,durston
17950,dutremble
2194,dutrow
12769,duvall
1877,duwe
19516,duyne
18746,dvorak
15131,dwyer
14684,dyas
6657,dye
6796,dyer
6587,dykes
14928,dymally
10548,dyson
1414,dzula
7547,eagle
11306,ealum
9179,eargle
7483,earhart
2266,earl
1279,earle
15321,earley
17111,earll
14210,early
5564,earnest
4601,east
18351,eastaugh
14613,easterly
10040,eastman
13221,eastwood
12164,eatherly
20039,eaton
18395,eaves
3406,ebel
17231,eber
2150,eckart
6826,eckerson
4149,eckert
12956,eckhardt
5322,eckhart
7989,ecoff
1252,economu
19305,ed
13325,eddie
6413,eddins
2437,edelman
1635,eden
5212,edgar
11835,edin
19268,edmon
2496,edmonds
4846,edmondson
9766,edward
1109,edwards
4818,eggert
10966,ehlers
11370,ehrlich
18626,ehst
7152,eichenauer
11160,eide
2575,eidsness
3492,eidson
9263,eigenberg
14373,eilberg
1864,eineman
5957,eklund
9220,elder
15558,eldon
7653,elhart
12880,elizalde
2525,elizondo
7979,elkin
4012,elkins
2734,elkowitz
12698,ellen
16949,ellenson
1811,eller
10538,ellinger
11115,elliot
1730,elliott
2148,ellis
2089,ellison
20095,ellisor
14010,ellmore
20318,ellsworth
6446,elmer
12513,elser
5978,elwood
19510,emanuel
9942,embry
1791,emerick
5352,emerling
4658,emerson
2310,emery
3526,emmerich
2164,emminizer
1174,emmons
5604,emory
6130,ems
20680,eng
8367,engdahl
7460,engebretson
2953,engel
3082,engelhard
19244,englebrecht
12067,engler
11113,english
3575,engwall
20569,enriquez
11006,ensign
5398,enterline
8137,entin
12118,enwall
12643,enz
9112,epperson
5938,epstein
7842,erdahl
7461,erdall
15315,erdreich
18811,eret
1121,eric
2475,erich
1037,erickson
5346,ericson
7377,erlenborn
2426,ernest
17263,erney
5876,ernsberger
9261,ernst
14386,ertel
10746,ervin
5472,erwin
20404,esch
12490,escobar
16596,eshoo
15581,esiason
18961,eskelsen
1573,esposito
16357,espy
3801,estabrook
2490,estes
4369,estevez
4985,estrada
7352,estrella
18463,etheridge
5704,etzel
6556,euchner
4814,eugene
15433,evams
18425,evangel
1816,evangelista
2315,evans
4880,evenson
2695,everett
1768,everhart
6196,everling
5427,evers
12935,eversman
3831,ewall
8881,ewen
5522,ewing
6726,eyer
9814,eyerly
9368,eynon
6564,eyster
14152,eytalis
16635,ezzard
17102,fadely
6923,faegre
14694,fahy
1620,fair
1773,fairchild
6090,falconi
5714,fallahay
13531,fallin
3828,fallon
14079,familian
1190,famularo
7583,fanelli
3969,fanning
1329,fanslau
14282,fante
16058,fanti
2157,farber
9349,farewell
10832,farhat
4797,farinelli
4667,fariss
19608,farkas
5190,farley
3672,farling
13569,farmer
1785,farness
6996,farnsworth
17824,farr
2606,farrell
2884,farrin
6873,farris
2383,farsai
14141,fary
3540,fasanella
14122,fascell
11174,fast
18093,fattah
8818,faubion
13986,faulk
2931,faulkner
6266,fausek
3525,faust
19043,favila
6919,favorite
8650,fawcett
8957,fawell
14227,fawley
11229,fay
14486,fazio
21003,fearing
6422,featherman
2616,feder
11843,federer
6357,federle
1145,feduniewicz
3217,fee
15965,feeley
6237,feeney
2334,fegarsky
5910,feger
16771,feigenbaum
15620,feighan
2331,feigin
2847,feiner
7882,feld
13140,feldkamp
2783,felix
3850,feller
1451,fellman
6399,fellows
3544,felps
4915,felton
9820,fenlason
2526,fenton
7490,fenwick
7640,ferguson
1858,fernandez
993,ferran
2827,ferrara
8094,ferraro
13737,ferrell
2390,ferrer
1328,ferris
3935,ferrucci
16494,ferry
3863,ferucci
10694,fescina
14150,fese
1889,festerly
9874,fetzer
4504,ficker
14859,fickett
8090,fiedler
10478,fielding
1331,fields
5402,fieschko
997,figueroa
10400,filante
5696,filley
16577,fillmore
17441,filner
14012,fimian
18262,finch
7383,findley
13431,fine
7116,finger
17677,fingerhut
19579,fink
7560,finkbeiner
7250,finkel
2472,finkelstein
2158,finley
18078,finn
17593,finnegan
19625,finz
8895,fiola
8251,fiore
10153,fiotes
18405,firebaugh
14854,firmage
3367,firnstahl
12483,fischbeck
7603,fischer
9778,fiscus
4081,fish
1537,fisher
1397,fishman
10765,fiske
14162,fithian
17670,fitrakis
1115,fitzgerald
1769,fitzgibbons
1291,fitzpatrick
11398,fitzsimmons
1807,fitzsimons
2845,fiumefreddo
5247,fjetland
19384,flaherty
3117,flake
2693,flanagan
6280,flanders
1351,flateau
3376,fleming
5571,flemming
9796,flessland
1474,fletcher
5837,flickinger
5849,flint
14042,flippo
19311,flitter
14380,flood
2633,florence
5599,florentine
6658,flores
14269,florio
17972,flory
14044,flowers
13009,floyd
4980,flynn
1019,foglietta
6478,foldvary
2860,foley
13294,folkens
18991,folsom
13521,foltin
8492,fonde
18616,fondren
6760,fontanesi
5139,fonteboa
11156,fontenot
2500,forbes
5048,forchion
3237,ford
3416,forem
8656,foristel
14203,fornos
2226,forrestal
1500,forry
10419,forsch
7491,forsythe
13175,fort
9008,forte
13052,fortenberry
5263,forth
3759,forthofer
3815,fortunato
17997,fossard
4112,fossel
2772,fossella
1594,foster
14326,fountain
3933,fournier
4661,fowler
4034,fox
13106,foxx
2115,fraenzl
16735,franchot
2629,francis
9047,francke
1619,franco
3166,francyzk
3705,frandsen
2109,frank
14343,franke
18573,frankel
10322,frankenfeld
19915,franker
12457,frankhuizen
2124,franklin
10062,franks
3499,frantz
7476,frappier
13800,frary
5511,fraser
17973,frasier
1586,frazier
7285,fred
5689,frederick
6799,freedman
14352,freedom
4678,freeman
17014,freiman
2214,freiwirth
11020,frelinghuysen
9970,french
7459,frenzel
1237,fretz
1218,freuholz
998,freund
6474,frey
6378,freyman
1226,fricano
1589,fried
18337,friedan
3383,friedgen
5736,friedlander
7332,friedman
6374,friend
6622,fries
7049,friesen
1469,friesser
1598,frisa
1476,frisch
1939,friske
7011,fritsche
6191,fritschler
5393,fritts
4302,fritz
7667,froehlich
7139,frohman
14852,frost
2221,fruit
18379,frumin
7241,fryman
3990,fuchs
20904,fudge
4999,fugate
6262,fuhol
5425,fuhrig
1985,fuhrman
1946,fuhrmann
5828,fulco
7402,fulk
9523,fulks
9161,fullard
6087,fuller
20972,fullingim
14046,fullinwider
2321,fumino
11054,funderburk
14109,fuqua
6489,furcinite
17684,furse
15071,furst
12946,gabbard
5110,gabrielsky
6256,gach
17744,gaddy
7356,gadrix
8579,gaffner
4163,gaffney
8082,gagne
6798,gailey
18184,gaines
1358,galbo
2537,galbraith
1203,gale
10015,galewski
4310,galip
2641,gallagher
9276,gallegly
9073,gallegos
1899,gallion
9067,gallo
19935,galmon
4522,galonsky
6437,galvan
3266,galvin
3764,gamble
14433,gammage
3986,gammans
6905,gammill
20723,gammon
6504,gann
10932,ganske
17402,garamendi
2715,garbitelli
2193,garcia
13637,gard
16539,gardiner
1365,gardner
1839,gargan
3994,gargiulo
7016,garland
5043,garlinger
10868,garlits
1491,garneau
4419,garner
7191,garrard
5963,garrett
2721,garrison
1144,garst
14621,gartley
2603,garvey
6951,garvin
5653,gary
2114,garza
19104,gash
7173,gasteiger
17443,gastil
4886,gatchell
17859,gatil
8536,gaudet
5954,gaughan
18072,gaul
6201,gautreau
19246,gavin
16755,gawron
4106,gay
9553,gaydos
7196,gaztanaga
10575,geake
7627,gearhart
14023,gearheart
1273,geary
15795,geffen
4038,geidel
15530,geisler
1493,gejdenson
8778,gekas
17260,gelpi
1574,gelvin
6770,gengarelly
3035,geniale
5899,genis
16671,gens
20488,gentges
4968,gentile
11286,gentry
1848,george
8952,georgeson
17993,gephard
14253,gephardt
2995,geraci
7576,gerald
2442,gerber
20335,gereighty
16515,geren
1901,gerlach
14395,germain
1222,germalic
2382,german
2304,germond
7318,germonprez
12670,geron
19852,gerratana
5536,gerringer
2139,gersh
13537,gessner
8381,getty
7451,getz
1884,geyer
1571,ghandi
5441,ghermann
7025,gholston
3066,giagnacova
14103,giaimo
1241,giammarco
5127,gianella
3965,gianquinta
2489,gibbons
899,gibbs
3903,giblin
13288,gibson
8022,giere
1911,gies
20182,giffords
17911,giglio
19576,giguere
10492,gilbert
9802,gilbertson
9768,gilchrest
4730,gilchrist
5168,giles
13953,gilhooley
5024,gill
9780,gilleran
20713,gillespie
1924,gillett
9585,gillia
3309,gillibrand
20560,gilliland
4700,gillmor
3779,gilman
17416,gilmartin
11496,gilmor
5830,gilmore
2546,gimpelson
12547,gingrey
7357,gingrich
14123,ginn
12521,ginny
12898,giorgino
4047,giorno
2776,giroux
6522,gislao
8518,gissendanner
1509,gjdenson
13856,glading
11242,glass
16868,glassco
3514,glavina
3652,glazer
4631,gleisser
7623,glenn
5452,glennie
14181,glickman
15449,gluba
4874,glumax
3116,goban
13741,goddard
1057,godena
8213,goe
16552,goedecke
7716,goedeke
8501,goerz
11668,goetz
13176,gohmert
15538,gojack
12109,gold
3476,goldberg
1641,golden
15348,goldhammer
4936,golding
20591,goldmark
2322,goldsborough
3351,goldstein
5778,goldsworthy
7699,goldwater
2813,gollub
16960,golob
1379,gomez
5101,gonyo
12616,gonzaga
9958,gonzales
2136,gonzalez
2533,good
17718,goodale
12807,goode
10757,goodlatte
7600,goodling
2829,goodman
19119,goodnight
6165,goodrich
6286,goodson
8003,goodwin
4751,googe
5491,goonan
2234,goosman
6973,gordon
4368,gore
4225,goret
1207,gorfinkle
5541,gorham
18753,gorman
3631,gorney
1333,gorrell
4269,gorski
9699,goss
6774,gothard
8892,goto
5386,gottlieb
10647,goudie
5800,gough
1011,gould
10239,gouldman
15305,goyke
1851,graber
15444,grabianowski
4531,grabow
1636,grabowski
4262,grace
17959,grack
7938,gradison
3518,graef
1789,graeser
1284,graf
2230,graham
3735,grames
14834,gramm
1391,grams
1863,gran
7495,grandison
14268,grandmaison
9374,grandy
7654,granger
994,grant
2567,grantham
13928,grassell
7400,grassley
17033,gratz
16862,gravely
4420,graves
9420,grawe
1429,gray
20695,grayson
6593,graziano
1178,greco
1002,green
4612,greenberg
1044,greene
15894,greenebaum
3826,greenfield
12355,greenleaf
11705,greenlee
1555,greenspan
20761,greenwald
2210,greenway
10693,greenwood
12825,greer
16047,greeson
8273,gregg
1790,grego
1340,greiner
5033,grenado
8967,grenchik
6014,grenke
2425,gretsinger
5818,grey
14770,grier
19120,griesey
5952,griffen
1383,griffin
20522,griffith
19081,griggs
19401,grijalva
18026,grill
3069,grillo
4016,grimm
1454,grimmer
7709,grimshaw
8535,grimsley
6041,grindlinger
6072,grisham
6734,groat
13037,groettum
18667,groom
6615,groshoff
3762,gross
5508,grossberg
7519,grossberger
6931,grossmith
5038,grosswald
9415,grot
8958,grotberg
4820,grote
12151,groth
5734,groupe
5718,grove
3967,grover
2626,groves
7202,grow
6845,grubb
2797,grucci
3554,gruenstein
7233,grum
15996,grunberger
10134,grund
2053,grundmann
14582,grunkmeyer
6440,grupe
4472,grupico
6694,grus
18181,gruszynski
11384,gryska
9027,grzywacki
1794,gualdoni
2774,guardi
13467,guarini
4156,guarino
13825,gubics
15310,gudac
4822,gudenas
2237,gudenschwager
14335,gudger
9241,guerin
14403,guffey
8119,guglielmo
7731,guidera
5656,guier
1649,guillebeau
6663,guillory
3880,guisinger
1155,guller
12369,gullick
7663,gundersen
1749,gunderson
8637,gupta
3905,gurk
7739,gurney
18255,gurule
19209,gusciora
6894,guthrie
17496,gutierrez
10980,gutknecht
7284,guttersen
7555,guyer
16894,guyll
10425,guzman
16037,gwin
15435,gwinn
996,haas
2828,haase
4657,haberbush
13947,hackett
12902,hackman
20697,hackworth
16883,hadley
4052,haettenschwiller
20408,hafen
2973,hagan
2294,hagberg
7458,hagedorn
16487,hagelgans
3017,hagen
19862,hagenmaier
6167,hager
3847,haggerty
19758,haggin
4591,hahn
4602,haile
1795,haines
17460,hair
2303,hake
4148,hale
10283,hales
5041,haley
1045,hall
12716,halleck
17864,hallen
3505,halley
13660,halliwell
7149,hallman
10111,hallock
2967,halpern
9773,halsey
12908,halstead
3360,halverson
20740,halvorson
1300,halyard
9253,hamaker
20400,hambacker
2483,hambsch
1582,hamburg
5918,hamburger
8607,hamby
4135,hamel
3403,hamilton
4050,hammel
4633,hammer
8069,hammerschimdt
7289,hammerschmidt
8358,hammersley
10371,hammersmith
10042,hammock
5032,hammond
1172,hammons
10769,hampson
5926,hampton
10533,hamrick
3398,hamze
14847,hance
4715,hancock
5409,hand
1282,handel
6552,handleman
9614,haney
6432,hanke
1462,hanks
13283,hankwitz
9290,hanley
8530,hanlon
2959,hanna
14086,hannaford
16251,hannemann
2273,hannevig
1747,hansen
1746,hanson
18453,hapanowicz
1670,haqq
19112,harant
6740,harber
11800,harby
5640,hard
19845,hardee
6727,harden
19669,hardenbrook
3537,hardin
3534,hardy
1201,hare
13807,hargadon
4680,hargett
12459,hargrave
13584,haring
3539,harkey
8175,harkin
1467,harkins
1838,harkness
20772,harlan
15721,harley
6274,harman
17927,harmless
18945,harmon
20254,harms
7304,harner
18934,harold
5353,harper
3648,harpur
8140,harrell
9501,harrelson
10750,harrington
1575,harris
1916,harrison
9913,harsch
11632,harsdorf
7557,harsha
5194,hart
3719,harter
15555,hartke
3564,hartley
1299,hartnett
16987,hartstone
13778,hartsuch
10583,harvey
5769,hasara
15366,haseman
11097,hasher
10320,haskett
8415,haskins
13587,hassan
9350,hastert
1363,hastings
10600,hatch
9137,hatchadorian
14968,hatcher
4728,hatchett
1898,hathcock
17550,hattery
5325,haugen
10734,haughey
6359,hauptmann
4843,haury
1780,hause
2238,hauser
14795,havice
8538,havill
14705,hawk
1156,hawkins
10120,hawks
1356,hawley
5370,haws
6547,hawver
1699,hawxhurst
13646,hay
10314,hayden
1150,hayes
20313,hayhurst
1604,hayle
8046,haynes
5415,hayse
2055,haytas
10796,hayworth
20207,haze
6851,head
4949,headrick
6602,healey
9430,healy
1925,heaps
20350,hearn
3430,hearne
1529,heath
5878,heaton
12720,heben
4750,hebert
9222,hebner
18176,hecht
18808,heckemeyer
6414,heckert
7437,heckler
1316,heckman
3194,hector
5757,hedbor
15962,hedden
2285,hedrick
17552,heffernan
9304,hefley
14332,hefner
14133,heftel
15318,hegarty
18977,heidi
13882,heim
5103,heine
11056,heineman
20848,heinrich
11395,heintz
5447,heiser
14592,heiss
4532,held
13453,heller
18327,hellmann
7124,helm
14689,helms
4584,helstoski
6574,helwig
1961,hely
5031,hembry
10963,hemeon
3868,hemingway
16200,hempel
19982,henderson
8339,hendon
6397,hendricks
19110,hendrickson
5804,hendrix
11604,hendry
1969,hengy
4823,henley
1139,hennager
1135,henry
12777,hensarling
15946,hensley
8254,henson
1084,henspeter
7598,hepford
7276,herbert
18018,herbet
10504,herbolsheimer
1892,hereford
9257,herger
2815,herman
1364,hermann
3928,hermanson
9617,hermening
10426,hernandez
20090,herr
1930,herrell
19604,herrera
8873,herriot
8484,herriott
8036,herrity
6227,herrmann
5161,herron
17789,herschler
19708,herseth
11015,herson
6272,hertel
9642,hertz
1393,herwig
17665,heskett
9715,hespel
1942,hesselink
1170,hester
7839,heuer
9019,heussner
3134,heyman
4091,heymanowski
8566,hickey
3373,hickman
1959,hicks
2162,hidalgo
12448,hieb
4781,higgerson
16233,higginbottom
2918,higgins
14424,hightower
2140,hildebrand
10497,hildegarde
8177,hiler
1118,hill
11126,hilleary
18739,hillenburg
4499,hillery
17380,hilliard
7392,hillis
1717,hilty
7683,hime
16428,himelein
3322,himes
2850,hinchey
3020,hind
14536,hindes
2408,hinds
6649,hines
7046,hinesley
5535,hinkle
18558,hinojosa
7852,hinson
17811,hirning
20289,hirono
3107,hirsch
1210,hirschfeld
8098,hirt
5445,histen
9259,hite
3681,hixson
6380,hlavac
18002,hoadland
2117,hoag
16782,hoagland
1812,hoaglund
15889,hobbins
5443,hobbs
10272,hobson
1039,hochbrueckner
15650,hochendoner
3393,hocking
1112,hockmuth
19992,hodes
4720,hodges
6948,hodgin
9928,hodgkiss
16291,hodgson
16065,hoeffel
1904,hoeft
7764,hoeger
3629,hoehner
10564,hoekstra
1243,hoesly
2690,hoff
1724,hoffman
15847,hoffmann
11775,hofmeister
6122,hogan
17922,hogsett
13349,hogue
19319,hohn
10665,hoke
5314,holbert
3019,holbrook
9568,holcomb
17693,holden
5575,holderbaum
10193,holekamp
7632,holford
7188,holland
7287,holleman
5610,hollembeak
19560,hollen
6154,hollenbeck
20284,holley
10687,hollin
11193,hollingshead
6338,hollist
11920,hollister
8205,holloway
2555,holmen
4565,holmes
1906,holmquist
9718,holowinski
1134,holst
2579,holt
7102,holthouse
1788,holtorf
1132,holtz
2979,holtzman
15732,hommel
8052,honadel
19018,honda
13347,honeycutt
2375,honigsfeld
2149,honts
7438,hood
7744,hoodwin
6114,hoogenboom
5191,hooker
1733,hooks
18504,hooley
8157,hooper
7199,hoover
4616,hope
2360,hopke
6580,hopkins
13203,hopson
1244,horan
14100,hores
1808,horn
1754,horne
6786,horning
4025,horowitz
6079,horrigan
2903,hort
7536,horton
1471,horvath
11839,hosemann
1184,hoshijo
3428,hospodar
1852,hostetter
10926,hostettler
2029,hottinger
8835,houchen
17357,hougen
4547,hough
1616,houghton
7078,houillion
1945,houle
9288,house
18324,houseman
5498,houser
5429,housley
6382,houston
3983,howard
6083,howarth
1753,howe
15479,hoyer
4605,hoyle
7946,hoyt
1417,hrazanek
7089,hren
2469,hrizi
1652,hryciuk
5028,hsiao
1179,hsing
2246,hubbard
3843,hubbell
20762,hubler
14194,huckaby
19961,huckleberry
3553,huddleston
9705,hudgens
5461,hudler
7978,hudock
1991,hudson
8016,hudspeth
10408,huening
7419,huff
10415,huffington
2474,huffman
2568,huffmaster
1673,hughes
4030,huhn
4666,huish
1907,hull
8375,hulshart
11001,hulshof
8190,hultman
4830,humbert
11400,hume
7593,humes
2961,humiston
12848,humphrey
9530,humphreys
18817,hunsberger
5928,hunt
4117,hunter
12900,hunzeker
8237,hurd
10756,hurlburt
3051,hurley
5577,hurrell
2146,hurst
20390,hurt
5251,hurysz
9851,hussain
9334,hustace
6146,hustead
19128,huston
4578,hutcheson
14835,hutchings
12202,hutchins
6007,hutchinson
13060,hutchison
14537,hutto
6377,huytra
1870,hyatt
7369,hyde
18313,hynes
2637,hyrcza
1259,i
5638,iams
1856,jackson
7985,jacob
1703,jacobs
19199,jacobsen
5411,jacobson
4831,jacques
16036,jager
7446,jagt
5698,jahelka
6995,jahn
20027,jaliman
14984,jalovec
985,james
11002,jamison
1869,jams
5614,janca
14891,jancek
16067,jane
12764,janklow
18998,jankowski
3417,janlois
19207,janosik
3372,janowski
8846,jansson
1777,jaquith
5563,jarosz
17042,jarrett
1169,jarvis
7114,jasikoff
5823,jay
5238,jean
4910,jeanette
5023,jeannette
3625,jefferds
1748,jefferson
6601,jeffery
7642,jeffords
16267,jeffrey
7796,jeffries
12209,jeghelian
5244,jenkins
3943,jennings
14819,jenrette
1016,jensen
12327,jeric
1064,jerome
18131,jesmore
7584,jesse
8891,jett
3570,jevning
13006,jewitt
1106,jezer
3434,jibri
20041,jim
12992,jindal
8768,joachim
18258,joan
16451,jochim
8810,joe
1213,john
7544,johnnie
1941,johns
1375,johnson
2279,johnston
3240,johnstone
17256,jolette
16383,jolley
18535,jolly
1022,jones
6012,jonhson
16280,jontz
2447,jordan
6064,jorgensen
983,joseph
3531,joshi
13698,joy
5324,joyce
4550,joyner
18237,juanita
9969,judd
10985,jude
1521,judy
18043,julian
1423,junius
7794,junker
9732,jurgens
6217,jurgensen
12287,justice
1113,kaan
13123,kaczala
20605,kagen
1876,kahian
3502,kahn
1927,kaiser
9343,kallas
2159,kalman
19478,kalogianis
12629,kaltenbach
1622,kaltenhauser
5265,kamilewicz
7974,kane
19042,kanel
1629,kanengiser
16063,kanjorski
13275,kanno
6520,kantor
17868,kantrowitz
10210,kapalko
2852,kaplan
15610,kaptur
2670,karen
12843,karg
5499,karkutt
4962,karlan
4815,karlen
2173,karlin
14153,karlock
6464,karpinski
1330,karr
8743,kasich
1133,kassel
14458,kastenmeier
18286,kaszans
8699,katan
15069,kathleen
13950,kats
4320,katsorhis
18521,kattl
3191,katz
768,katzen
9090,katzman
4793,kauer
7970,kauffman
6018,kaul
8924,kavouklis
8598,kay
4501,kaye
3464,kaynor
14514,kazarian
14851,kazen
11913,keadle
14039,keahey
16964,kean
1054,keane
16268,kearns
3741,keating
6218,keefe
3891,keefer
9255,keels
3819,keenan
3485,keersemaker
10005,keet
20047,keever
18676,kehoe
3697,keith
19839,keliher
20579,kellam
12003,kelleher
1342,keller
1855,kelley
1080,kelly
8807,kelsey
1059,kemly
18513,kemmler
2618,kemp
3836,kemper
3413,kendall
1751,kendel
5622,kender
2137,kendrick
777,kennedy
14994,kennel
1492,kennelly
13087,kenneth
7589,kenney
16455,kennick
1013,keno
15809,kent
9043,kenworthy
10253,kepfer
9731,kerans
12407,kerin
3775,kerlinsky
18738,kern
9280,kerns
5739,kerr
15473,kerry
3412,kersey
13284,kesselman
4049,kesselring
2510,ketchel
7307,ketchum
12860,ketelson
20943,ketner
6761,keup
11710,kevin
1857,kevorkian
7274,kexel
5518,key
14179,keys
2024,kidd
5068,kidder
19200,kiel
6908,kielsky
11535,kilbanks
1739,kilber
15715,kilbury
14225,kildee
17706,kilker
5644,killbride
4656,killeen
1312,killingsworth
12915,kilmer
18383,kilpatrick
9367,kilroy
10432,kim
1530,kimble
7539,kimbrough
12984,kinard
15181,kincaid
18608,kind
7559,kindness
1153,king
19505,kinghorn
7228,kingsbury
10479,kingston
12613,kinnaman
1668,kinnevy
4219,kinsella
3862,kinsey
17863,kipp
7940,kircher
12156,kirk
1879,kirkham
6550,kirkman
18682,kirkpatrick
13019,kirkwood
11865,kirnan
12708,kish
1281,kissell
20425,kissling
18482,kitchen
2700,kitt
21016,kittelson
11603,kitterman
13532,kitts
6034,kjar
13418,klammer
9219,klauder
3536,klayman
4914,klecka
16146,kleczka
14054,klee
20405,kleeb
991,klein
18920,klemens
1888,kleppe
11626,kleschen
2434,kline
1004,klingensmith
1783,klinger
17692,klink
10368,klug
2972,kluger
20515,kluko
3516,kluter
1290,knapp
1514,knibbs
16516,kniffen
6288,knight
6664,knipp
10573,knollenberg
15042,knox
14601,knudson
14998,knuppel
12983,kobach
2981,koch
3858,koebel
5403,koehler
10237,koeppel
14527,kogovsek
6350,kohls
6290,kohn
16347,kohut
3402,kokans
13676,kokkonen
8471,kolbe
2219,kolis
1101,kolodziej
15637,kolter
10154,kondner
6124,konicov
7302,konnyu
20054,konop
2504,konopka
17745,konrad
1068,konstanty
17565,kooistra
5064,koontz
6066,kopala
12348,kopel
16878,kopetski
4708,kopp
2228,koppel
10656,korsmo
2470,kortepeter
2205,koschak
1506,koskoff
20711,kosmas
15457,kostar
7601,kostelac
12417,koster
14377,kostmayer
5726,kostyu
19959,kotos
8155,kotowski
19655,kouri
19049,kouvelis
2744,kovach
11711,koval
17464,kovaleski
2712,kowalski
3902,kozak
3436,kramer
9689,krapf
20780,kratovil
8986,krause
6691,krauss
3890,kravitz
6641,krawchuk
5501,krayer
5471,krebaum
14069,krebs
17776,kreidler
3617,kreier
2166,kreiner
4961,kresge
2867,kresky
14136,kress
4837,krieg
6487,kriegbaum
8581,krieger
5321,krikorian
1031,krill
16208,kripke
3746,krista
1964,kroes
1339,krogdahl
7368,krok
5114,kromash
1725,kronberg
5270,kroshus
3733,krueger
1528,krug
2258,krukar
18272,krulick
6060,krumel
17910,krupp
3052,krupsak
6240,kruse
1036,krushinski
18370,kruszynski
6687,krymkowski
5231,krymski
20876,kryzan
16097,kubiak
1413,kucek
18484,kucinich
1928,kudrovzeff
2963,kuhl
16654,kuhle
2287,kuhnert
17048,kulas
8402,kull
16061,kulp
14805,kumar
9153,kunder
2204,kuniansky
16712,kunst
5382,kupchik
11886,kupferman
18088,kupillas
4724,kurdrovzeff
3627,kurey
20836,kurkowski
19450,kurpiewski
19074,kurth
12344,kush
3551,kushi
1897,kutchinski
19521,kutsch
4755,kuttab
2403,kuumba
11688,kuykendall
1972,kuziel
5121,kuzmak
5629,kydonieus
9250,kyl
1428,kyle
10606,kyrillos
4439,laba
4365,labella
3829,labruna
8126,lacapra
6228,lacher
20168,ladd
20305,laesch
2853,lafalce
2255,lafemine
15844,laflamme
6879,lafleur
5349,laforest
7308,lagomarsino
1092,lahood
14936,lahtinen
5710,laiacona
18247,laine
15764,lakritz
3070,lall
1599,lally
4479,lalor
3371,laluz
2816,lamagna
12133,lambert
13381,lamberti
13309,lamborn
4945,lamirande
5605,lamm
10274,lammers
3460,lamoureaux
3589,lamoureux
18550,lampson
12238,lampton
16138,lamson
9708,lamutt
5086,lancaster
13862,lance
7520,landau
6731,landauer
5554,landerfin
9258,landowski
11170,landrith
15583,landy
9836,lane
4960,laneve
6475,lang
18834,langberg
1825,lange
19313,langevin
2215,langford
7103,langkraehr
12890,laning
10177,lankford
11689,lankster
5454,lanning
6135,lannon
14908,lantos
2118,lantz
8468,laos
19426,lapere
2550,lapham
1251,lapointe
1158,larchuk
15016,larew
11085,largent
2207,lariscy
1800,larkin
10907,larney
17076,larocco
4665,larosa
4769,larouche
3878,larrick
7406,larry
4636,larsen
1546,larson
707,lash
6071,lassen
9640,last
4511,latham
11084,latourette
7556,latta
5572,laudani
16932,laughlin
16523,lauglin
13404,laurence
16382,laurenti
12536,laurie
7582,lausmann
2091,lauten
17785,lautenschlager
18063,lauterer
9025,lauve
2795,laux
16601,lavery
4316,lavezzo
3874,lavigne
2245,lavoi
3185,lavore
18750,lawing
10284,lawko
17454,lawlor
2407,lawrence
3738,laws
4825,lawson
1679,laybourn
5257,layfield
6044,layman
4243,lazio
7398,leach
17236,leahey
7365,leak
10081,leana
3894,lear
14839,leath
5685,leathers
18110,leavens
13517,leavitt
9010,leber
6607,leboeuf
19738,lebon
2590,leboutillier
4492,leburg
15711,lechner
7097,lecureaux
14372,lederer
11579,ledesma
1779,lee
5723,leef
2260,leefe
2591,lees
5683,leet
2277,lefemine
10803,lefever
6859,legg
14056,leggett
10984,legrand
1761,lehman
5434,lehmann
20671,leibham
3377,leibrant
7475,leick
4514,leiderman
5601,leiendecker
1122,leighton
6349,leilehua
11526,leinbach
2047,leino
7463,leiseth
10927,leising
5413,leitch
8750,lejeune
14846,leland
20918,lemas
12234,lemen
2592,lemishow
1018,lengenfelder
16624,lenney
13686,lenning
19298,lennon
2588,lent
1005,lenud
9899,lenz
6755,leon
2201,leonard
13546,leonardi
1382,leone
10496,lepinske
16629,lepiscopo
13707,lerew
2823,lerman
18421,lerner
6650,lerohl
14649,leroux
14415,les
17855,leschick
3615,lesh
8475,leslie
6480,less
12638,lesueur
1447,lett
16905,leventis
11099,levering
4645,leveronne
9409,levi
1472,levin
3094,levine
3991,levinson
1309,levis
14126,levitas
2126,levitt
4245,levy
2660,lewandowski
6037,lewicke
4593,lewinski
1337,lewis
1107,ley
12572,leyva
3414,liatunick
4196,liccione
5436,lieb
4425,lieberman
1741,liebowitz
13964,lien
19157,lierman
5691,lightfoot
1886,ligon
1463,lilly
4470,lin
2406,linblad
7197,lincecum
10476,lincoln
19444,linda
6505,lindberg
20402,lindeen
10086,linder
16549,lindquist
1176,lindsay
12342,lindsey
18611,lindskoog
4037,lindsley
5327,lingenfelter
4749,lingston
1047,link
2399,linn
7236,linnabary
18718,lipinksi
15421,lipinski
6209,lippe
1890,lippett
1087,lippi
2524,lippmann
4855,liptock
14923,lisoni
3359,list
2262,lister
3475,litle
13988,litoff
7798,litsey
6789,litten
3806,little
18711,littman
7067,litwin
10093,liu
2460,llamas
9604,lling
1675,lloyd
6390,llyes
9815,lobb
10602,lobiondo
5223,lobman
10973,lobsinger
8980,lockard
7637,locke
6155,lockhart
5174,locy
7761,lodico
14916,lodise
20321,loebsack
8025,loeffler
15729,loehr
17823,lofgren
1862,logan
4618,logsdon
5861,lohmann
11982,lohmeyer
4908,lokey
4652,lombardo
11866,lonegan
3326,long
18475,longabaugh
9223,longergan
11367,longley
20147,longmyer
6958,loomis
6365,loosemore
13673,lopez
1860,lopresti
13229,lord
3783,loren
3720,lorenz
2359,lorimer
2121,lorraine
3887,losey
7467,lott
5149,lou
1227,loughead
2831,loughlin
1166,louis
1078,love
4071,lovell
10489,lovett
6005,lowe
2968,lowenstein
16306,lowenthal
6979,lower
8110,lowery
2909,lowey
1850,lowing
1086,lowndes
1744,lowry
6053,lubahn
8820,luby
11089,lucas
8649,luce
2563,lucey
2288,lucier
17424,lucille
10366,luck
1387,ludeman
13846,luetkemeyer
7887,lujan
2272,lukas
8624,luke
14338,luken
9514,lukens
1255,lumina
14031,lummis
20673,lumpkin
4119,lundberg
9748,lunde
3481,lundemo
14324,lundine
15929,lundquist
6391,lundy
7322,lungren
5864,lurvey
9825,lusk
2034,luther
15603,luttmer
5709,lutton
12272,lutz
1148,lyden
19537,lykins
15534,lyman
9360,lynch
19573,lynnes
6176,lyon
4907,lyons
3077,lytel
6728,maad
20519,maatta
18461,macbain
6619,maccutcheon
3766,macdermaid
6253,macdonald
10158,macgovern
19701,machek
9930,machtley
1556,mack
8502,mackaig
15390,mackay
3669,mackenzie
3507,mackey
4799,mackin
7732,mackinnon
4534,mackintosh
7237,macko
13311,maclean
7819,macleod
3872,macphee
5750,madden
2299,maddox
2094,madia
4569,madigan
3409,madison
7314,madrid
3314,maffei
18009,magazzu
2573,magee
1108,magerman
6347,maggert
2655,maggio
13234,magnum
15221,magrann
4054,maguire
5448,mahaffey
982,mahalchik
9194,mahan
3186,maher
12464,mahmood
14430,mahon
3482,mahoney
18314,mains
13274,maio
1389,maitland
5738,maiullo
19493,majette
3602,makarem
16598,malberg
5846,mallan
1797,malone
1298,maloney
18829,maloof
2649,maltese
6551,mancini
13305,mancuso
2444,mandel
2018,mandell
1297,manfre
17253,mange
8354,mangels
1577,mangia
10209,mangini
1809,mangopoulos
5475,mangrum
5796,manifold
6488,manion
14400,mann
2176,manning
13496,mansell
4794,mansfield
15984,manton
2356,manuel
10509,manzullo
15283,mapp
2428,mar
4632,marbet
13199,marchant
2755,marciano
20379,marcinkowski
15031,marcum
3461,marcus
7330,marden
15347,margolis
2594,mari
12654,maria
13779,mariannette
8664,marienee
4495,marietta
2800,marilyn
8722,marin
12813,marine
8763,marino
9683,mario
17700,marjorie
6085,mark
14214,markey
11884,markgraf
4103,marks
4695,marksberry
7479,marlence
7865,marlenee
19580,marlinga
4882,marlow
3770,maroney
6025,marotta
16623,marquis
7641,marriott
13139,mars
6757,marsden
2270,marsh
2209,marshall
3732,marston
4707,martell
1236,martin
3096,martinelli
2373,martinez
11017,martini
7531,martino
4467,martins
1187,martinson
11663,martz
19275,maryellen
18109,mascara
1548,masel
11976,masey
15497,masiokas
1674,mason
3318,massa
1479,massi
9058,massie
2638,masterson
14698,mastorelli
1276,mata
3906,mathenia
19355,matheson
17845,mathews
1878,mathias
20011,mathies
11574,mathis
7710,mathison
7564,mathna
2683,matier
7231,matos
19345,matranga
8390,matson
14485,matsui
19461,matsunaka
7720,mattera
2999,matthews
17507,mattis
1412,matto
14417,mattox
3452,mattson
3226,mattsson
4902,mauer
6074,mauk
5509,mauldin
5307,maupin
4613,mauro
6634,mavis
14634,mavroules
4580,maxey
14256,maxfield
9167,maxwell
4589,may
6336,maybena
2144,mayberry
987,mayer
3483,mayeux
7073,maymin
6452,maynard
1832,mays
7973,mazur
1258,mazziotti
14185,mazzoli
5381,mcadam
7145,mcadoo
6707,mcallister
1834,mcalpine
11661,mcauliffe
2211,mcbride
18334,mcburney
17436,mccabe
5118,mccafferty
3508,mccaffery
8467,mccain
4283,mccall
3244,mccallion
10411,mccampbell
8510,mccandless
6289,mccanless
1480,mccann
9243,mccarley
989,mccarthy
14992,mccartney
11110,mccarty
2312,mccarville
16528,mccathern
17976,mccaughtry
13185,mccaul
15911,mccauley
6708,mccay
18760,mcckeithen
12772,mcclain
4555,mcclaine
9771,mcclanahan
5416,mcclarin
2368,mcclatchy
1618,mcclean
10417,mcclintock
7376,mcclory
7691,mccloskey
1271,mcclure
10299,mccolgan
2060,mccollum
3998,mcconnell
1875,mccord
14449,mccormack
7724,mccormick
12626,mccotter
3763,mccown
2348,mccoy
20926,mccracken
15846,mccrath
9763,mccrery
17391,mccuen
4712,mccullough
4491,mccune
15211,mccurdy
7579,mccurley
7658,mccuskey
7591,mcdade
8723,mcdaniel
2253,mcdermott
3439,mcdevitt
5510,mcditt
2120,mcdonald
1895,mcdonnell
1186,mcdonough
15325,mcdougal
9331,mcdowell
8114,mcelderry
9496,mcelhaney
9124,mcewan
4009,mcewen
16152,mcfadden
14066,mcfall
1664,mcfarland
6458,mcgahan
14695,mcgann
15030,mcgary
2945,mcgaughey
2682,mcgeary
2040,mcgee
15703,mcgelennon
12083,mcgill
10340,mcginn
7385,mcginnis
4552,mcglamery
6751,mcglawn
16123,mcglennon
1189,mcglory
18361,mcgovern
4505,mcgowan
2589,mcgrath
20277,mcgraw
1937,mcgregor
2535,mcguire
12518,mcgurk
14521,mcguy
13493,mchale
9353,mchard
5976,mchargue
13111,mchenry
1105,mchugh
6695,mcilroy
4621,mcinerney
10446,mcinnis
9371,mcintee
10920,mcintosh
1621,mcintyre
5838,mckay
4746,mckean
5356,mckenna
2598,mckenzie
10418,mckeon
2523,mckerlie
8996,mckernan
11778,mckibben
11408,mckigney
1127,mckinley
4644,mckinney
13005,mckinnis
3506,mcknight
1151,mclain
3353,mclauchlan
1433,mclaughlin
4622,mclemore
6705,mclendon
2278,mcleod
1089,mcmahon
2730,mcmanus
8575,mcmillan
16314,mcmillen
11821,mcmillin
13225,mcmorris
9285,mcmurray
19255,mcnairy
17087,mcnamara
12467,mcnea
9794,mcnealy
15676,mcnees
8534,mcneil
3041,mcneill
19800,mcnerney
1249,mcnulty
3384,mcpeak
8074,mcquaid
9945,mcqueen
4765,mcreynolds
4111,mcsherry
10759,mcslarrow
6747,mcspadden
13359,mcsweeney
15098,mcveay
12577,mcvey
19286,mcwatters
15733,mcwright
8662,mead
3364,meade
3954,meadows
18418,meara
14481,mears
13508,mechtel
11948,meckley
8053,medina
12663,medrow
14447,meeds
3029,meehan
17472,meek
9532,meeker
2840,meeks
10571,megan
2039,mego
2191,mehrabian
4458,meier
9752,meinhardt
11593,meinke
11082,meister
3295,mejias
1461,melamede
19932,melancon
7879,melani
4752,melcher
2289,mele
5543,meleney
13355,melichar
5142,meliere
3366,mellen
1440,mellis
3582,mellot
11634,melotik
3802,melton
12028,melvin
13751,members
17264,mendenhall
1581,mendez
5344,mendoza
20142,menefee
17612,menendez
12233,menze
3974,meo
7581,mercer
4979,mercurio
4805,meredith
12533,merkl
1164,merle
15544,merlino
4502,meroney
11560,merritt
12640,mertz
4803,mesaros
15203,meshel
6678,messina
13620,messmore
10764,metcalf
14137,metcalfe
7277,metheny
3591,metten
6933,metti
10474,metz
14940,metzger
12803,meub
3573,meuer
2986,meyer
1710,meyers
14281,meyner
14172,mezvinsky
16317,mfume
10463,mica
17546,micahel
13464,micco
1040,michael
9235,michaelsen
6867,michalski
19552,michaud
7381,michel
13055,mickelson
14029,mielke
5337,miglietta
18171,mikekreidler
19431,mikels
2896,mikkelson
14202,mikulski
5423,mikuriya
14146,mikva
10203,milder
1308,miles
14435,milford
2129,miliner
19548,milkovich
3160,millard
6268,millay
1008,miller
3718,milligan
16548,milliken
6081,millikin
8628,milliman
1771,mills
9952,milner
6331,milosevich
17564,miltner
18194,milton
17468,mims
6548,mina
1868,mincer
14065,mineta
2017,minge
4784,minico
14279,minish
17075,mink
14385,minney
4768,minnich
20728,minnick
7401,minor
6842,minter
8504,minturn
1017,mintz
12471,minuth
1600,misir
1557,miskell
20053,mitakides
5146,mitchel
2611,mitchell
11308,mitnick
7545,mizell
14216,moakley
5744,mobley
3973,mock
2586,modica
12486,moen
7849,moffett
17466,moffitt
4429,mohamed
6754,mohler
5552,mohn
9908,molander
19719,molera
13184,molina
1605,molinari
14453,mollohan
6318,moloney
10813,molton
16792,monaco
14683,monahan
6671,monde
15307,monfils
12596,monica
20823,monroe
15498,monsma
9207,monson
20751,montagano
9648,monteith
17988,montgomer
1910,montgomery
19220,montoya
1199,monyek
9110,moody
18358,mooers
15605,moon
10295,mooney
1520,moore
7311,moorhead
3722,moorman
4265,moppert
16187,moquin
6481,mora
5234,morabito
5090,morales
8638,moran
7514,morancie
2952,morano
9330,morecraft
2216,morell
9397,morella
11684,moreno
5200,morfey
3112,morgan
20735,morgenthaler
16903,morgenthau
17122,morial
1390,moriarty
13993,morovich
9507,morr
4905,morrell
10167,morrill
1020,morris
2725,morrison
1171,morrisseau
4544,morrissey
2014,mors
5202,morse
6094,morzella
1704,moscatello
3756,moscoso
15660,mosely
5363,moser
8758,moshofsky
5417,mosier
1561,moss
4311,mossa
4911,mosser
4516,mott
6928,mottahedek
14359,mottl
20403,moul
6997,moulton
6645,moultrie
19936,mount
10124,mourdock
1709,mouser
5030,mouton
7625,mowery
9495,moye
5376,moyers
8569,moynihan
1200,mperiale
5936,mrazek
19056,mrie
6824,mruzik
9537,mucciolo
4682,muehlke
6109,mueller
2607,muenkel
7586,mugford
13938,muhammad
5842,muhe
8276,muhler
5619,muir
16563,mulder
11617,muldoon
17957,muldowney
5747,mulholland
3855,mullen
5502,muller
1261,mulligan
5625,mullinger
1162,mullock
13908,mumpower
4051,mundy
4783,munkittrick
11444,munoz
11820,munsell
17879,munsey
10451,munster
1950,muotka
2380,murdock
14997,murer
6282,murphrey
1027,murphy
5568,murray
14381,murtha
2659,murty
18548,musemeche
12508,musgrave
15034,musmeci
17763,musselwhite
12025,musser
15227,musto
10567,muxlow
3910,myatt
1996,myers
4973,myerson
11061,myrick
12047,myshka
20582,nachman
19991,nadeau
3137,nadler
2630,nadrowski
6051,nagel
5057,nagle
8361,nahra
2411,nakano
1483,nakash
10901,nalepa
1347,name
12597,namer
4635,nance
6672,nankervis
6142,nanni
8401,napier
4438,naples
18662,napolitano
19646,nariman
4869,narro
8424,nash
2532,nasser
14184,natcher
4542,nathan
3374,nau
11319,naughton
18249,navarro
3888,nce
7489,ndyk
1987,neal
9393,neall
18771,neas
14232,nedzi
6428,needleman
19864,neeld
6503,neglia
13330,negron
12494,neighbor
17656,neill
6381,neitzel
8380,nelligan
2206,nels
1640,nelson
6716,nemeth
1374,nero
3767,ness
6417,nestor
11624,nethercutt
8147,neubauer
9313,neubeck
9312,neuberger
13194,neugebauer
20900,neuhardt
10774,neumann
1590,nevas
3613,nevins
6327,new
6586,newberry
5104,newby
7927,newcomb
5531,newell
6004,newhouse
11832,newinksi
10983,newinski
11093,newkirk
1338,newland
2869,newman
15328,newmeyer
1550,newton
11083,ney
1289,ngalls
10709,nglis
12700,nguyen
7574,nhofe
7198,nicholas
10012,nichols
8132,nicholson
18174,nick
20110,nickerson
7503,nicosia
16222,niedermeier
1532,nielsen
8823,nielson
8176,niemeyer
14863,niemi
7838,nieten
5304,nigam
2198,nisan
2243,niska
14371,nix
12465,nixon
5006,njezic
5860,nman
3527,nnella
17287,nnelli
7238,noble
6510,nolan
11844,noland
14388,noll
19132,nolla
2333,noonan
2297,noorlander
19007,norberg
5305,noreen
1607,norman
3358,normandin
5624,norris
7748,norsworthy
3914,north
1242,northrup
11358,northup
8910,norton
1163,norwood
6469,nost
1411,notarangelo
19083,notti
7362,nouye
3081,novak
5366,novess
1208,novosielski
2994,nowak
17771,nslee
6287,nubel
10806,nugent
6620,null
7126,nulsen
12472,nunes
8548,nunez
10128,nussle
1676,nuttall
3158,nydia
20990,nye
14356,oakar
14773,oaker
2004,oberstar
13764,oberweis
14463,obey
17413,ochoa
6575,odden
1535,oddo
1764,odell
19045,oden
2005,odom
6592,oenbring
15726,offner
2283,oftedahl
4556,ogden
4162,ognibene
8889,ojeda
3083,olchin
6246,oleniczak
11591,oler
12723,oleros
15707,olin
1903,olishkewych
6241,olsen
1192,olshaw
2031,olson
17553,olver
5994,olvera
1392,omann
3939,omar
14336,omdahl
1131,ondusko
6823,oostrom
3344,oot
3959,opalicky
7779,oppenheim
1841,opperman
3742,opus
19471,oram
15617,orenstein
17448,oriez
5210,orland
17618,orlins
15648,orloski
15799,orman
3651,ornati
12792,ortega
11147,ortiz
17342,orton
4848,osborn
6932,osborne
11658,ose
4705,osipoff
6573,osness
5711,osterfeld
11802,ostrom
11616,otey
24,other
12147,otter
14309,ottinger
20961,otto
17888,overby
2539,overton
1450,oviatt
5343,owen
1973,owens
1314,owensby
1866,oxley
13761,ozinga
14731,ozols
20242,paccione
15046,pachios
4545,pacia
8516,packard
6055,paczelt
8949,paczkowski
13526,padgett
2465,padilla
3841,page
20178,paine
1418,pakenham
19129,palecek
10610,palermo
19093,pall
17191,pallone
5810,palmer
3533,palms
2187,paltrineri
5478,palven
4779,pamplin
14068,panetta
5316,pang
6779,pankau
8411,pannill
10672,pansino
7997,panuccio
2249,paoletta
2978,paone
3895,paparian
1944,pape
10574,pappageorge
12721,pappano
11443,pappas
4716,paradice
704,parisius
13209,parke
1603,parker
5874,parkman
4842,parks
18555,parmer
13841,parnell
5296,parrett
8438,parris
5109,parrish
18464,parrott
1055,parsons
8563,partyka
18422,pascrell
4812,pasculli
7696,pashayan
1931,pasley
4891,pason
5405,pasotto
19907,passa
6222,passmore
17383,pastor
1409,pastuch
5107,patalo
8966,patchett
13155,paterno
8783,paterra
3811,paterson
20267,patlak
15270,patman
5865,patrick
10017,patrosso
14283,patten
7694,patterakis
1587,patterson
2990,pattison
4655,patton
8011,pauken
7301,paul
6418,paulo
13829,paulsen
20302,pavich
19617,pawar
1612,paxon
6147,payne
4521,payton
12672,pearce
4782,pearl
1070,pearlman
2309,pearson
11343,pease
5236,peavler
999,pechenuk
3027,peck
17705,pecora
19248,pecoraro
1335,pedersen
1234,pederson
19134,pedigo
13028,pedraza
19024,pedro
6490,peebles
14508,peek
1923,peeples
5301,peery
11098,peglow
5623,pekarek
5132,pell
1099,pellosie
16589,pelosi
18707,pelphrey
7881,pelt
3580,pelton
3996,pemberton
6304,pena
1185,penaroza
10363,penberthy
9736,pence
16078,pendarvis
5762,pendery
1001,penner
2545,penningroth
3529,pennington
2218,pennock
1997,penny
5485,penque
18860,peoples
4921,pepper
12796,perales
1028,perez
18807,perkel
7815,perkins
7121,perkison
20681,perlmutter
4240,permuko
5703,peron
20993,perriello
19515,perritt
2544,perrone
2296,perry
18085,perryman
6184,pescosolido
5169,pete
2696,peter
5566,peterjohn
1077,peters
2280,petersen
1082,peterson
19497,petrakopoulos
8457,petri
4789,petrie
3395,petrosoff
7158,petrulsky
7325,pettis
8863,petty
10597,pettyjohn
11337,petyo
3075,peyser
10097,peyton
5066,pezzullo
2389,phair
12730,pharaoh
2543,pharr
5213,phelan
11418,phelps
10751,philbin
20516,philip
5096,philips
6364,phillies
2320,phillips
13071,piatkowski
5079,picerno
5134,pickarski
11412,pickering
7836,pickett
14421,pickle
11316,pico
14220,pierce
6042,pierone
9000,pierpont
10517,pierson
2964,pike
1796,pilchak
4123,pillich
15121,pillion
3800,pillsbury
12292,pillsworth
5397,pinard
18764,pinder
20778,pingree
3953,pinkney
1896,pinon
4336,pinzon
5369,piotrowski
1437,pircher
11694,pirozzi
11536,pitts
5299,pixton
2477,place
5802,plail
17304,platt
8099,platten
12360,platts
1498,plawecki
9803,ploetz
13108,plonk
1410,plonski
18892,plowman
14346,plummer
14422,poage
5946,pocchia
11103,podolak
13177,poe
10094,poepoe
3938,pohlen
16948,poirier
18818,polansky
1154,policarpio
3976,polikoff
20676,polis
20084,politis
4267,polito
16748,pollack
10646,pollard
9384,polley
16122,pollina
12341,pollock
1305,polon
10405,pombo
2078,pomeroy
6555,pomykala
1088,ponczek
3795,pond
4055,ponschock
19289,ponsford
8921,pont
1053,pooler
17534,poore
16019,poovey
5597,pope
9850,popielarski
6139,popkin
16568,popp
1129,pordum
6710,porr
296,port
1734,porter
11067,portman
13727,posey
16694,poshard
14021,postma
18294,poston
7588,postupack
7924,poth
4994,potter
1486,potvin
18546,pouland
1718,powell
12392,power
2220,powers
2754,prado
4619,pratt
6221,prazak
1096,predham
3877,presley
1438,presser
19102,pressl
7614,pressler
17598,preston
10651,prette
6445,pretz
4187,previdi
14330,preyer
3835,price
3167,prima
5380,primich
1648,princ
20662,prince
7387,prineas
3195,prisco
19865,pristoop
2125,pritchard
6162,probst
6024,proctor
3538,proffer
3523,pronchik
5607,pronchnow
18973,pross
11637,prosser
10071,prout
4274,provenzano
18315,prussing
10670,pryce
5300,pryor
7339,pucciano
13770,puckett
5102,pueschel
5430,pullen
14856,puller
1833,pulley
7439,pursell
14135,pursley
4704,putnam
5474,putney
7170,pyeatt
18873,qualls
1441,quarles
8928,quartel
7391,quayle
5042,quelland
7457,quic
5258,quick
8836,quigg
18595,quigley
7616,quillen
14995,quillin
1214,quinn
2342,quirk
9266,quraishi
5850,raaflaub
20116,raasch
1478,rabel
16783,racek
9032,rachner
10819,radanovich
8127,radcliffe
6040,radder
7253,raether
15643,rafalko
1578,ragin
5335,ragsdale
3949,rahim
3528,raiford
7382,railsback
5529,raimondo
2559,rainforth
13607,rainville
6700,rajnovic
4677,ralph
14612,ramey
2435,ramirez
4222,ramos
7411,ramsey
1388,ramstad
11718,randall
1012,randazzo
17835,randle
1157,randolph
2982,rangel
5613,rankin
4993,raposa
14174,rapp
4498,rarick
16071,rarig
4642,rashkind
3808,raskiewicz
5647,rasmussen
20994,rasoul
14534,ratchford
7936,ratcliff
9040,rathbone
2160,rathbun
1159,ratigan
3587,ratner
18815,rauh
9559,ravenel
4982,ravens
16828,ravenscroft
11534,ravotti
3620,ray
18671,rayburn
12604,raye
3708,raymond
7754,rayner
5652,read
8594,readinger
15865,ready
6462,reagin
13029,reamer
5039,reams
15873,reardon
17203,rebecca
1288,rebello
7374,reber
4615,rebholz
14986,reda
2298,redburn
17447,redder
3768,reddick
5679,redding
9747,redfern
5527,redick
8682,redington
13093,redlich
11447,redmond
2200,redrup
11223,reece
3055,reed
18791,reeds
1030,reef
3432,rees
7636,reese
5277,reeves
2729,refermat
2710,regan
6177,rego
7567,regula
2259,rehbein
12249,rehberg
5377,rehmke
15231,reibman
4394,reich
10771,reichbauer
13228,reichert
1837,reid
4827,reidelbach
4131,reifenkugel
19966,reifman
4161,reigenkugel
2335,reiger
4810,reilly
6207,reimer
2992,reiner
12793,reiser
11797,reisman
10023,reiss
3840,reiter
3771,reitz
7059,reland
2261,renaud
19964,renier
19896,renner
7590,renninger
10031,renshaw
8982,rensink
12442,renzi
14740,repicci
1588,rera
16750,rers
7955,ress
4337,retcho
14461,reuss
11712,reust
10981,revier
1804,revis
3489,rexford
13547,rey
2377,reyes
705,reyna
2803,reynolds
14180,rhoads
10325,rhoden
5772,rhodes
16845,rhyne
4832,ricci
4029,ricciardi
5514,rice
4272,rich
1058,richard
1632,richards
3547,richardson
5636,richbourg
3687,richey
10629,richman
2977,richmond
6185,richter
14037,rick
20552,ricketts
5780,rider
8782,ridge
6212,ridley
18740,riecken
2057,rieder
12428,riener
19525,rigdon
10008,riggs
4627,righter
3458,riker
4930,rilee
7399,riley
5286,rimer
20237,rinaldi
7497,rinaldo
20374,rinck
2548,rinehart
15871,ringer
16476,ringgold
8549,rinker
18144,rios
7984,rippon
14361,risenhoover
5367,rising
3424,riskin
12867,risley
16897,ritchey
9002,ritchie
1307,rittenhouse
7982,ritter
1355,rizzo
16438,roark
7962,robb
10422,robbins
11906,roberg
1007,roberson
2073,robert
1431,roberts
4970,robertson
1313,robey
7619,robin
2787,robinson
2714,roccanova
15415,rocco
16333,roche
9703,rocheteau
8376,rochford
19116,rock
1685,rockwell
3861,rockwood
5468,roddis
15913,rodebaugh
2263,rodenberg
14474,rodey
14140,rodger
3869,rodino
10080,rodney
1496,rodriguez
1835,roe
10052,roemer
11243,rogan
986,rogers
20927,roggio
19145,rogillio
5991,rogin
7361,rohlfing
9673,rohrabacher
4857,rolen
11298,rolle
4992,rollins
6722,roloff
10609,roma
4449,romaguera
2679,romaine
9065,romano
14578,romanyak
5015,romer
10016,romero
7200,ronald
2619,ronan
14466,roncalio
10007,rood
13728,rooney
6949,roots
2134,roper
18918,ropp
19871,rorapaugh
6326,ros
1487,rosa
2789,rosario
1152,rosberg
2385,rose
3433,rosemary
4972,rosen
3601,rosenberg
1613,rosenberger
14710,rosenblum
12688,rosenstein
4105,rosenstroch
1689,rosenthal
14116,rosier
6016,rosile
13357,roskam
2458,roskey
9526,roski
1399,ross
5294,rossano
5162,rossi
18861,rossiter
14144,rostenkowski
13597,rostig
7453,rostron
4166,roth
6067,rothacker
12829,rothbauer
2197,rothenberg
5477,rothhouse
18423,rothman
5395,rothrock
10666,rothschild
6157,rothstein
1719,rotstein
7878,roukema
13619,roulstone
6263,rouse
14164,roush
7315,rousselot
9538,rovner
15459,rowe
7609,rowell
6651,rowland
2087,rowley
19133,roy
14077,roybal
10430,royce
8080,royer
8042,roylance
1659,rozzo
14799,rubenstein
1325,rubino
18074,ruccia
10333,rucker
1737,ruckert
7286,rudd
7120,rudebusch
19429,rudin
18509,rudy
4027,ruebenacker
9036,rued
3558,ruehlig
5977,rufer
6841,ruff
18244,rufus
20983,ruiz
20753,ruley
1403,rummel
12230,runbeck
1770,runnels
7448,ruppe
19554,ruppersberger
5195,rush
5493,rushing
1458,rusk
3593,russell
1103,russo
6479,russow
10433,rutan
3545,rutenbeck
1872,rutherford
5035,rutledge
2339,ruyle
16757,rwin
3524,ryan
9581,rylander
5383,ryley
11353,ryun
1983,saac
2369,saacson
1644,saadiq
7751,saak
2493,sabatine
1940,sabin
2001,sabo
5278,sabri
2702,sacchi
5143,sachs
17782,sacia
1591,sackett
12564,sadler
5891,sadovy
10736,sadowiski
4816,safier
15767,sage
3772,sager
9333,saiki
6529,sailor
3761,sain
9902,sajna
6518,sakson
3064,salargo
9844,salazar
16188,saldana
1806,sales
13350,sali
5243,saliba
4503,salisbury
15088,saliterman
3864,salkowski
15495,sallade
14074,salley
7840,salloum
10791,salmon
2169,salner
9655,salomon
3879,salvatierra
9355,salvi
3818,salzman
14413,sam
2996,samek
4904,samples
10229,sampol
1021,sampson
5668,samsil
5480,samson
12245,samuel
14821,samuelson
11598,sanchez
13115,sand
5387,sandahl
7958,sander
1847,sanders
18542,sandlin
13463,sandoval
18058,sands
11116,sanford
16676,sangmeister
11963,santa
13668,santana
14266,santini
4154,santoro
10310,santorum
19014,santos
4922,sarah
7341,sarasin
20356,sarbanes
7071,sargent
2316,sargis
1470,sarkisian
1634,sarnowski
16931,sarpalius
8153,sarsoun
2093,sarvi
1334,saska
16128,saslaw
10037,sato
14441,satterfield
4938,saucier
7003,saulsbury
2241,saunders
6193,saurenman
6179,savage
7666,savino
2528,savitch
13817,sawicki
7442,sawyer
20722,saxon
9069,saxton
9454,scalamonti
13793,scalise
7573,scanlon
6265,scarborough
0,scatter
3899,scattering
7585,schade
7703,schaefer
4041,schaeffer
2704,schafer
3509,schaffer
9131,schaffner
18724,schakowsky
4934,schall
10304,schaller
7076,schansberg
18997,scharer
3839,scharf
20804,schauer
8123,schaus
18820,scheider
2998,schein
2100,schenk
9823,schenken
16279,scher
2195,scherr
1301,scherrer
3773,scherubel
3005,scheuer
9842,schiff
3135,schiliro
1485,schinella
19041,schipske
16853,schira
1736,schlanger
1183,schley
10510,schloemer
7040,schlosser
7498,schluter
13780,schmett
5004,schmidt
3655,schmit
6011,schmitt
1845,schneider
2980,schneier
13767,schock
1449,schoeman
5871,schoen
10401,scholl
5785,schoolland
6075,schoonover
6811,schorr
6416,schrader
1228,schramm
18101,schreffler
14945,schreiber
9798,schrimpf
12409,schrock
4487,schroeder
17453,schropfer
7932,schrump
6807,schubring
9021,schuette
1229,schulstad
19918,schulte
2498,schultz
10684,schulz
7587,schulze
4879,schumacher
3042,schumer
13927,schuring
15743,schuster
12138,schwab
12641,schwadron
9811,schwan
2108,schwartz
13021,schwarz
4991,schwass
13650,schweikert
15432,schwerdtfeger
12993,schwertz
12078,scileppi
17184,scofield
1371,scoggin
5611,scoggins
20082,scoles
12879,scolinos
18826,scollo
18756,scorsone
1014,scott
8890,scribner
7673,scruggs
3873,seagraves
16522,seal
12736,seale
2318,seals
8343,sealy
3798,seaman
2276,searer
1810,sears
7695,seastrand
1627,seat
8240,seay
7404,sebelius
7215,secula
1526,seehusen
4710,seeley
6684,seely
20066,seemann
8386,seerling
20608,segall
14350,seiberling
5967,seibert
18300,seidl
8407,seigneur
17806,seitz
20188,sekhon
19641,selendy
19332,sell
8555,sellers
9394,sellner
17678,selph
19222,seltzer
3009,seminara
2302,semrau
17606,sendelsky
7423,seney
15918,senger
1524,senhour
17666,sennet
8057,sensenbrenner
1576,seraile
7449,serotkin
9424,serra
3145,serrano
2247,sertson
15359,servelle
11136,sessions
20504,sestak
17192,setaro
1317,severance
6714,severin
15001,severns
2105,severs
5183,sevier
4596,sexton
6127,seymour
16376,sferrazza
3961,shabazz
6703,shackelford
10794,shadegg
13026,shafer
7992,shaffer
7634,shakelford
16901,shakespeare
15196,shamansky
7252,shambaugh
3941,shanfield
3823,shanklin
11942,shannon
4719,shao
14556,shapard
5400,shapiro
7075,sharlow
8658,sharp
10256,sharpe
9151,sharper
12426,sharpless
16978,sharratt
8751,shatteen
4795,shaver
1048,shaw
2572,shawn
9686,shays
4248,shea
3723,sheasby
1253,sheehan
15989,sheehy
18141,sheila
14473,shelby
15392,sheldon
3958,shelley
3616,shelor
5145,shelver
3444,shepard
17755,shepgerd
4694,shepherd
15189,sherck
14759,sherek
3667,sherman
8556,sherwood
10101,shestokas
6629,shetler
20398,shettles
1466,shevchuk
8257,shields
9592,shimizu
10513,shimkus
10339,shine
8943,shipley
13618,shmael
6621,shock
5808,shockley
5748,shoemaker
7154,shoen
16844,sholander
13810,sholley
19536,shomshor
11917,shondel
10386,shooter
10078,shore
3833,shotko
10162,shoulders
18799,shows
18783,shrauger
7407,shrer
2441,shroyer
9515,shufeldt
2059,shuff
706,shugart
20466,shuler
3474,shulman
5835,shuman
9229,shumate
7693,shumway
4572,shurtleff
7976,shuster
5069,siano
8274,sibert
4211,sibilia
9834,sica
7488,siciliano
5603,sicilla
5697,sickle
19346,sidro
16374,sidwell
2314,siegel
1323,siegle
18547,siegmund
5440,sievers
20473,siferd
3115,signorelli
14108,sikes
2002,sikorski
8629,siljander
18211,silva
4073,silverman
984,silverstein
6989,silvestri
1690,simanonok
2856,simmons
1745,simon
14931,simone
16486,simonetta
1348,simonsen
9185,simpkins
1732,simpson
4906,sims
13466,sinagra
16077,sinapi
13222,sinclair
13680,singh
15097,singletary
20280,sinton
15510,sipher
9461,sires
15705,sisisky
14067,sisk
14071,sisson
17372,sistine
13430,sium
16214,skaggs
1694,skains
2486,skaritka
8290,skeen
8219,skehan
20962,skelly
14254,skelton
1263,skinner
20547,sklar
7684,skore
2244,skranek
5155,skrill
7408,skubitz
9520,slaby
14455,slack
1360,sladky
15200,slagle
4881,slak
17455,slason
20937,slater
6076,slatter
15456,slattery
2941,slaughter
15229,slawek
18589,slayton
11275,sleath
9995,sledge
5201,slider
981,sloan
7993,slocum
1986,slote
1525,slothower
7524,slotkin
3512,slotnick
11924,slovenec
8420,slover
2122,slubowski
8984,slyke
3640,small
13133,smalley
15927,smargon
19490,smart
17277,smiley
1978,smilowitz
1038,smith
7137,smither
3415,smithstein
6918,smolen
7682,smoley
1625,smolik
18896,smothermon
8428,smothers
8340,smykowski
10095,smyser
5886,snead
18946,sneary
9962,snelgrove
17469,snell
4919,snellings
16530,snelson
8442,snider
5422,snow
11354,snowbarger
4018,snowden
7810,snowe
13232,snuffer
7412,snyder
12669,soaries
9341,sobieski
20146,socas
1264,soderberg
1784,soderna
12579,sodrel
14500,sogge
1367,soggin
18607,soglin
8953,sohn
4561,sokoly
2976,solarz
1396,sole
6655,solee
19034,solis
1608,solomon
3980,solymossy
4654,somers
2796,sommer
8445,sonneland
7403,soper
6459,sophocleus
1655,sorg
5505,sorrells
4966,sorrentino
17614,sosa
10157,soto
10922,souder
5892,southwick
19603,souza
15017,sovern
20487,space
6725,spack
13070,spadea
20491,spake
2600,spalding
1095,spalletta
18164,spanel
14961,sparkman
7571,sparks
5011,spaulding
20635,speier
14204,spellman
5159,spence
2540,spencer
9029,spicer
7351,spiegelman
5580,spiers
7750,spillane
16478,spingler
5062,spinosa
17610,spiridellis
10729,spiro
3971,spisak
11752,spitz
3369,spitzfaden
16785,spoo
7417,spooner
18606,spottswood
5606,sprague
15663,spratt
14645,sprik
5519,springer
3623,sproul
4599,sprouse
4978,spruiell
5813,sprunk
5639,squire
2880,srael
4402,srdanovic
18923,srederick
12096,ssa
18376,stabenow
10483,stabler
7776,stack
1957,stafford
20351,stagg
14454,staggers
2415,staley
15416,stallings
6441,stallknecht
8785,stallwood
4465,stalzer
4770,stampley
4706,stamps
7848,stangeland
1926,stanley
4777,stannard
7562,stanton
6554,staples
1984,stariha
13702,starin
8105,stark
17346,starke
13655,starkewolf
13408,starkman
18625,starky
8922,starling
10505,starr
3812,startin
10595,staskiewicz
9423,stassen
1250,states
5245,staton
5525,stauffer
9693,stearns
15194,stecher
2956,steck
19072,stedem
14363,steed
3883,steel
5489,steele
1882,steen
7816,steers
6045,stefanelli
5414,stefanov
14577,steffen
14879,steffes
7665,steiger
1177,stein
1353,steinberg
6675,steinbrecher
8797,steinhice
4140,steinman
9639,steinmetz
7088,steinport
2455,stek
6812,stempfle
20417,stender
14845,stenholm
14671,stennis
5312,stenshol
10829,stepanek
13012,stephen
4787,stephens
7211,stephenson
20333,stepp
3443,sterling
5297,stern
13926,sters
20080,stevan
20939,steve
1579,stevens
3690,stevenson
6269,stever
1257,stewart
15129,stickle
16849,stidham
7297,stiles
16442,stineman
13917,stobbs
2457,stock
6031,stockhausen
5046,stockman
1034,stoddard
15250,stofferahn
7259,stohm
12072,stoker
3011,stokes
10724,stokley
2007,stone
11514,stook
19642,stoppenbach
13600,story
15694,stough
14165,stout
1419,stoveken
6442,stover
18177,stower
19609,strada
2189,stranahan
8911,strang
13881,straniere
1515,strasdauskas
13863,straten
6220,stratman
14313,stratton
18684,strauss
1029,street
17285,stretton
14382,strick
7131,strickland
8753,striegel
13519,string
16947,stringham
6909,stritar
6729,stroberg
7136,strohm
1120,strong
4937,stroud
19299,strouse
3562,strutner
18271,stuart
18280,stuber
16495,stuckey
14218,studds
13255,stumbaugh
8469,stump
1778,stumpf
17563,stupak
17704,sturges
13036,sturrock
7263,stutsman
3907,stuttman
12400,sudan
2135,sudmeyer
1211,suero
8185,suess
9524,suhadolnik
8242,suida
7596,sulich
2517,sullan
3106,sulley
19611,sumers
16207,summer
3945,summers
3898,sumrall
5700,sundblade
8798,sundquist
11430,sununu
11432,suplee
1908,suppus
5717,suruda
5435,susel
6783,susong
6118,sussman
6935,susteren
2319,sutley
9947,sutton
12801,swallow
7430,swank
6666,swanstrom
3130,swarts
6736,swearingen
18577,sweatt
2911,sweeney
2849,sweeny
11169,sweet
4485,sweetland
11608,sweetser
16169,swendiman
1232,swenson
17188,swett
11377,swift
8525,swigert
6450,swim
8938,swindall
10896,swindle
3711,swing
5834,swinney
5375,swirsky
10824,sybert
9882,sydness
9425,sykora
7117,sylvia
7363,symms
14778,synar
1125,szabo
3793,szwaja
1489,szych
2227,taber
10735,taberski
15618,tablack
7239,tabor
1497,taborsak
13352,tabour
1822,tackett
20705,taddeo
6898,taff
7959,taft
7334,takaki
17434,takano
2323,takei
7305,talcott
10585,talent
2842,taliaferro
11087,tallant
20336,tallitsch
3245,tallon
9603,talman
17775,tamblyn
17858,tamerius
19553,tamlyn
708,tancredo
16918,tanner
12945,tanonaka
2763,tapley
4850,tapp
1167,tarbous
1056,tarzia
13747,tata
7096,tatar
6746,tate
7790,tauke
18210,tauscher
11363,tauzin
1580,taylor
11385,teague
15188,tebben
12265,tedeschi
1268,tedholm
5115,teel
15995,teicher
4625,teigen
17751,tejeda
11881,telano
17505,temple
5965,templeton
2077,templin
2186,terlexis
2724,terry
4617,tescione
17848,tessier
8287,teti
10407,teyler
7179,teyssier
8870,thakar
6421,thallheimer
13190,thamm
1076,tharp
4626,tharpe
6537,thayer
11671,thayn
10220,theemling
5665,theisen
14025,theron
8955,theusch
5827,thie
3966,thieke
5569,thiel
3411,thiessen
1721,thill
995,thomas
1975,thompson
7480,thone
11144,thornberry
1116,thornton
13733,thorpe
7999,thorsness
7390,thorson
19186,thrash
20177,thrasher
11550,thune
17461,thurman
2508,thurston
10937,tiahrt
6275,tiapek
10087,tibbs
12326,tiberi
9339,tierney
4897,tiffee
2775,tighe
6591,tikalsky
7087,til
7846,till
16904,tillman
10712,timmer
14915,timmermans
5727,timothy
6538,tindle
12364,tingle
2097,tinklenberg
11625,tinsley
5666,tipler
13306,tipton
6257,titran
20832,titus
6132,tlapek
4043,tocker
1559,todd
17386,toevs
13279,tognazzini
18200,toller
18086,tollett
9697,tolley
3549,tolpinrud
19057,toltz
11676,tom
3427,tomastik
6279,tomburello
4844,tomeo
2861,tomich
16891,tomkin
10406,tomlin
3925,tomlinson
4609,tonasket
6215,tonkin
3342,tonko
14190,tonry
15167,toole
11957,toomey
4760,topham
1974,tophman
7907,torczyner
18310,torf
9756,tori
10559,torkildsen
11463,torres
1195,torrez
15549,torricelli
6277,torrison
4668,toscano
4889,tosti
3454,toulon
11824,touma
10951,tousey
14262,towe
6606,towey
3087,towns
1830,townsend
5176,traficant
6829,trainor
13921,trakas
13593,tran
5659,trask
20606,trauner
18225,trautman
9955,travino
5632,travis
13068,trawinski
14226,traxler
5635,traylor
9598,traywick
3951,treacy
2955,treadwell
7416,treen
3830,treichler
4536,trent
8031,trible
4967,trice
8222,trimarco
13218,triplett
5432,trotter
20044,troutman
7502,trubey
14563,truby
1240,trudell
9034,trueman
1015,trugman
1043,truman
20382,trupiano
19968,trutan
17152,trzybinski
10881,tsakanikas
6776,tsatsos
13710,tshaky
19481,tso
14212,tsongas
12094,tuchman
9981,tuck
2330,tucker
18069,tudor
1982,tufts
12427,tully
6316,tuma
12559,tunney
18375,tunnicliff
13443,turk
6673,turnbow
1111,turnbull
5189,turner
4639,turney
18617,turnham
15245,turnipseed
13867,turula
11946,turzai
8773,tuscano
18909,tuthill
16468,tuttle
15134,twomey
4975,tyler
15662,tyus
9023,tyza
14047,udall
12461,udinsky
13396,uhde
20,uhl
3739,uhrich
11406,uldrich
14367,ullman
1254,umina
6484,umphress
1887,underwood
7960,unruh
18223,unruhe
16959,unsoeld
4529,untch
7342,upson
9405,upton
11531,urban
7371,urbaszewski
20558,uresti
9439,uthlaut
1302,v
1128,vacek
13202,vaden
9569,vail
5671,valencia
1712,valenti
5836,valentine
4371,valle
8481,vallely
1705,valletta
2478,valli
2639,valone
10902,valtierra
12085,van
12423,vance
5240,vandagriff
19449,vandenberg
9395,vandenberge
2621,vandenessen
9635,vanderbilt
4856,vandergriff
2889,vanderhoef
5487,vandersteel
12504,vandeweghe
14358,vanik
12737,vanleeuwen
8582,vannatta
10780,vannes
4108,vanrossem
6962,vantil
1354,vanvoorhis
17390,vanwinkle
5313,vara
4828,vardeman
2825,vargas
7546,vaughan
19069,vaughen
19996,vazquez
18757,veal
1430,vedder
14223,veen
12482,vega
12488,velasco
3280,velazquez
2648,veltre
9127,venner
2000,vento
1090,verderese
3848,verdin
1602,verga
18006,verge
15365,verges
4170,verhoff
2132,vernier
5825,vernon
1072,vernotico
3513,verson
18732,verticchio
9388,ves
1909,vessels
16206,vest
8055,vesta
9720,vetter
1361,vey
2777,vickers
7213,vico
2988,victor
1708,vidrine
16633,vigil
11114,vigilante
14393,vigorito
17872,vince
7508,vincent
9506,vinje
4852,vinson
20412,viola
5158,virgil
15855,visclosky
13708,visconti
1813,viscusi
6600,vitanza
12191,vitter
5019,voehringer
15002,voelz
11253,voetee
3410,vogel
18809,vogt
20494,voisin
18627,volgy
9938,volk
14259,volkmer
13313,vollano
17412,vollmer
1682,volpe
3352,volponi
6766,volz
4374,vonglis
4925,voorhees
1801,voris
4743,vory
656,vote
4859,vreeland
12403,vu
8669,vucanovich
5589,vuceta
10514,vucich
16992,vy
3860,waayers
16075,wachob
17419,wachtel
5426,wade
1921,wadsworth
5439,wagener
3963,wages
2308,waggoner
5384,wagle
1831,wagner
1932,wahl
1439,wahner
5790,waibel
17030,waite
7372,wajerski
9606,wakefield
13627,wakim
10423,waksberg
7452,walaskay
13420,walberg
12903,walcher
2402,wald
14591,walda
11940,walden
5503,waldenfels
11163,waldhotz
10773,waldman
1955,waldron
14387,walgren
1140,walker
1377,walkowicz
16409,walla
1009,wallace
3437,wallack
1633,waller
5916,wallner
4410,walrath
1610,walsh
1938,walter
7864,waltermire
3530,walters
4585,walton
2086,walz
10715,wamp
7649,wampler
1702,wancio
7995,wannamaker
3668,ward
12149,wardingley
5507,ware
10252,waring
3901,warner
1817,warren
2602,washburn
2571,washer
2103,washington
3448,wasielewski
3182,wasserman
10341,waterfield
16701,waterfill
4688,waters
19903,waterworth
7611,watkins
4623,watson
17658,watt
1706,watts
20546,waun
14076,waxman
1766,wayne
10390,wead
19285,weatherford
18797,weathers
9984,weaver
1653,webb
18091,webber
5791,webe
2384,weber
1786,webster
10760,weddle
2182,weddleton
17519,wedum
13452,wegner
18736,wehrle
9033,weiblen
6026,weidner
8696,weigandt
5054,weightman
16180,weil
18532,weiland
6105,weilburg
16956,weinberg
14990,weinberger
1672,weiner
4933,weinhold
15122,weinstein
18328,weinzapfel
7863,weir
20055,weirauch
19495,weisberger
7522,weiseman
2983,weiss
6495,weissbuch
2514,welch
2400,weldon
10909,weller
5186,wellmann
1880,wells
5282,welsch
6333,welsh
3875,weltman
1083,welty
3968,welzer
4624,wendelken
5385,wendell
14666,wenstrom
8816,wentworth
3780,wentzel
6403,werme
7024,werner
18428,wertheim
1743,wertz
18252,wesley
3581,west
11068,westbrock
16094,westbrook
6524,westlake
12940,westmoreland
17090,westphal
2083,wetterling
6273,wetzel
18282,wexler
18527,weygand
4078,whalen
1067,wham
18565,wharton
1114,wheat
11417,wheelehan
4935,wheeler
6455,whelan
10579,whitaker
1385,white
12884,whitehead
7644,whitehurst
5720,whitelock
14746,whitely
7950,whitfield
14327,whitley
3987,whitman
3730,whitmore
7799,whittaker
5050,whittam
19857,whittel
14246,whitten
1346,whittington
19885,whitworth
18121,whorley
10409,wick
10988,wicker
5586,wicklund
1194,wicks
13931,wickson
7444,widgery
4833,wieczorek
7260,wieder
5538,wiener
8522,wiens
12453,wiesner
3385,wiggins
9975,wight
11543,wild
2088,wilde
10812,wilder
19130,wiles
7500,wiley
3721,wilken
8790,wilkerson
5983,wilkes
3438,wilkinson
16150,willems
4802,willess
5515,willey
1936,william
5171,williamitis
1175,williams
3390,williamson
16098,willibey
12380,willingham
5707,willis
1459,willkie
6513,willoughby
10943,wills
1010,wilson
6033,wilverding
16649,wimbish
6181,wimmers
1914,winchester
8092,winckler
8552,winder
19727,windham
2547,windisch
2663,windishman
2269,winegarden
17931,winekauf
5618,winer
2281,winfield
17116,wingert
5811,wingo
1146,winkelmann
5311,winn
3607,winquist
5138,winslow
13273,winston
3457,winter
14186,winterberg
6315,winterrowd
10917,winters
14097,wirth
12667,wirtz
17186,wisdom
6293,wise
5476,wishart
4021,withers
7468,witherspoon
6944,witmer
11090,witt
4571,wittaker
1611,wittig
14004,wittman
9432,wittmann
11867,wnuck
6938,woehr
3541,wofford
7755,wognum
5044,wohlfert
13192,wohlgemuth
11232,wojslaw
2895,wojtaszek
1697,wolf
7242,wolfe
1138,wolfertz
3000,wolff
4538,wolfley
10402,wolin
17591,wolkmer
3497,wollman
10541,wolloway
3927,wolman
14221,wolpe
17790,womack
17456,woo
2217,wood
8360,woodall
15232,woodcock
13304,woodrum
7268,woods
19747,woodside
5273,woodson
3133,woodward
6644,woolsey
9278,woolverton
5084,worden
4709,workman
2393,works
1130,worley
694,worthington
4011,wortley
5272,wortman
2326,wren
1267,wright
19572,wrisley
5545,wruble
18898,wu
2420,wuirk
20471,wulsin
2203,wyatt
15407,wyche
15216,wyden
3985,wydler
16391,wydra
20421,wyka
7566,wylie
17548,wynn
11653,wyrick
1842,xuna
8464,yambrek
13263,yan
12379,yancy
6712,yannone
20331,yarmuth
20827,yashirin
8020,yates
9155,yatron
5684,yauch
3737,yeager
4036,yearling
6753,yee
3355,yellin
18407,yellowtail
6806,yeutter
12211,yob
2494,yorczyk
2966,york
10532,yost
16686,youhanaie
13759,younan
1443,young
5663,youngers
18019,youssouf
14178,yowell
16622,yudelson
15201,yunker
1362,yurkonis
14460,zablocki
13957,zaccaria
19329,zachary
2610,zagame
1065,zagarell
6169,zajac
11339,zakas
1149,zaklama
4388,zaletal
5123,zaletel
13585,zamora
14501,zamos
9456,zampino
8161,zanillo
4441,zanzi
2119,zapata
2153,zarate
12815,zarelli
9679,zartman
2422,zaslow
6901,zastrow
18238,zbur
1517,zdonczyk
14791,zealor
3995,zeferetti
16496,zeigler
20838,zeitz
2338,zekan
4464,zeldin
10207,zeliff
10498,zenkich
8498,zerg
10755,zevgolis
7183,zhao
17368,ziegeweid
1715,ziegler
14594,zietlow
1849,zilaitis
8158,zilke
1829,zimmer
1902,zimmerman
5907,zimring
12964,zinga
1071,ziruolo
6210,zoebisch
18021,zollinger
1522,zonneveld
8486,zschau
3431,zucker
13141,zupancic
4530,zurbrugg
2355,zuur
12959,zweigart
15185,zwick
11580,zzard
